ref,ref number from paper,reference link,DOI,Donor,Donor PDI,Donor Mn (kDa),Donor Mw (kDa),HOMO_D (eV),LUMO_D (eV),Ehl_D (eV),Eg_D (eV),Acceptor,HOMO_A (eV),LUMO_A (eV),Ehl_A (eV),Eg_A (eV),D:A ratio (m/m),solvent,Active layer spin coating speed (rpm),total solids conc. (mg/mL),solvent additive,solvent additive conc. (% v/v),active layer thickness (nm),temperature of thermal annealing,annealing time (min),HTL,HTL energy level (eV),HTL thickness (nm),ETL,ETL energy level (eV),ETL thickness (nm),hole mobility blend (cm^2 V^-1 s^-1),electron mobility blend (cm^2 V^-1 s^-1),Voc (V),Jsc (mA cm^-2),FF (%),PCE (%)
1,5,link,10.1002/aenm.201801214,PBDT-TT,1.71,136.7,,-5.23,-3.34,,1.88,6TIC,-5.45,-3.94,,1.37,1:1.5,o-DCB,2500,25,_,0,100,25,0,PEDOT:PSS,,,C60-bissalt,,,6.06E-05,3.04E-05,0.812,19.1,61,9.46
52,5,link,10.1002/aenm.201801214,PBDT-TT,1.71,136.7,,-5.23,-3.34,,1.88,ITIC,-5.6,-3.86,,1.59,1:1.5,o-DCB,2500,25,_,0,100,25,0,PEDOT:PSS,,,C60-bissalt,,,9.28E-05,4.21E-05,0.849,15.8,65,8.72
63,5,link,10.1002/aenm.201801214,PBDT-TT,1.71,136.7,,-5.23,-3.34,,1.88,IT-M,-5.58,-3.82,,1.61,1:1.5,o-DCB,2500,25,_,0,100,25,0,PEDOT:PSS,,,C60-bissalt,,,1.43E-04,5.50E-05,0.904,16.5,67,9.99
2,6,link,10.1016/j.scib.2018.05.025,J71,,,,-5.44,-3.45,,1.6,A201,-5.69,-3.93,,1.64,1:1,CF,,,_,0,,25,0,PEDOT:PSS,,,Ca,,20,9.56E-04,5.17E-04,0.88,13.15,67.15,9.36
3,7,link,10.1002/aenm.201801582,J52,,,,-5.13,-3.22,,1.91,BTA13,-5.34,-3.62,,1.72,1:1,CF,,12,CN,0.5,105,170,,PEDOT:PSS,,30,Ca,,20,5.86E-04,2.80E-04,1.05,12.7,58.66,7.82
4,7,link,10.1002/aenm.201801582,J52-F,1.87,24.6,45.8,-5.29,-3.38,,1.92,BTA13,-5.34,-3.62,,1.72,1:1,CF,1000,12,CN,0.5,108,150,,PEDOT:PSS,,30,Ca,,20,3.87E-04,6.15E-05,1.18,11.55,61.34,8.36
5,7,link,10.1002/aenm.201801582,J52-FS,2.64,19.6,51.8,-5.32,-3.39,,1.93,BTA13,-5.34,-3.62,,1.72,1:1,CF,,12,CN,0.5,96,150,,PEDOT:PSS,,30,Ca,,20,1.40E-04,1.73E-05,1.24,6.74,45.96,3.84
6,8,link,10.1039/C7EE00844A,J61,,,,-5.22,-3.21,,1.66,BT-IC,-5.32,-3.85,,1.43,1:1,CF,1500,16,_,0,130,120,10,PEDOT:PSS,,,PDINO,,10,6.15E-04,4.95E-04,0.87,16.35,67.1,9.56
7,8,link,10.1039/C7EE00844A,J71,,,,-5.25,-3.18,,1.78,BT-IC,-5.32,-3.85,,1.43,1:1.5,CF,1500,16,_,0,130,120,10,PEDOT:PSS,,,PDINO,,10,3.53E-04,7.60E-04,0.9,17.75,65.7,10.46
8,9,link,10.1002/adma.201604155,J51,1.35,32,,-5.2,-3.01,,1.91,IDIC,-5.69,-3.91,,1.62,1:1,CF,3000,12,_,0,100,25,0,MoOx,,5,ZnO,,,3.40E-05,2.50E-04,0.796,12.24,66,6.94
9,9,link,10.1002/adma.201604155,PDBT-T1,1.75,,342,-5.36,-3.43,,1.85,IDIC,-5.69,-3.91,,1.62,1:1,CF,3000,12,DIO,0.25,100,25,0,MoOx,,5,ZnO,,,6.30E-05,5.20E-04,0.834,16.98,73.2,10.37
10,9,link,10.1002/adma.201604155,PDCBT,1.62,24.8,40.2,-5.32,-3.3,,1.9,IDIC,-5.69,-3.91,,1.62,1:1,CF,3000,12,_,0,100,25,0,MoOx,,5,ZnO,,,1.70E-05,1.20E-04,0.814,11.31,64.1,6.28
11,9,link,10.1002/adma.201604155,PTB7-Th,,,,-5.2,-3.56,,1.58,IDIC,-5.69,-3.91,,1.62,1:1,CF,3000,12,_,0,100,25,0,MoOx,,5,ZnO,,,2.10E-05,1.70E-04,0.806,10.9,56.1,5.24
12,9,link,10.1002/adma.201604155,PTFBDT-BZS,3.35,66.8,223.6,-5.43,-3.58,,1.81,IDIC,-5.69,-3.91,,1.62,1:1,CF,3000,12,DIO,0.25,100,25,0,MoOx,,5,ZnO,,,6.20E-05,9.20E-04,0.905,17.3,70.8,11.03
13,10,link,10.1039/C7TA07049G,J61,,,,-5.32,-3.08,,1.93,IDT-IC,-5.69,-3.88,,1.72,1:1,CF,2800,,_,0,120,160,2,PEDOT:PSS,,40,PDINO,,10,4.85E-04,1.60E-04,0.88,13.7,57.3,6.95
81,10,link,10.1039/C7TA07049G,J61,,,,-5.32,-3.08,,1.93,SJ-IC,-5.61,-3.94,,1.49,1:1,CF,2800,,_,0,120,160,2,PEDOT:PSS,,40,PDINO,,10,3.10E-04,6.29E-04,0.83,16.99,65.95,9.27
14,11,link,10.103/C8TA00764K,J71,,,,-5.4,-3.24,,1.54,IDTT-BH,-5.24,-3.86,,1.54,1:1.4,CF,,12,_,0,100,25,0,PEDOT:PSS,,,PDINO,,,2.02E-04,1.63E-04,0.9,17.77,69.1,11.05
15,11,link,10.103/C8TA00764K,PBDB-T,,,,-5.33,-2.92,,1.64,IDTT-BH,-5.24,-3.86,,1.54,1:0.8,CF,,9,_,0,90,100,,PEDOT:PSS,,,PDINO,,,1.88E-04,8.88E-04,0.85,16.86,69.2,9.92
16,11,link,10.103/C8TA00764K,PDCBT,,,,-5.31,-3.0,,1.5,IDTT-BH,-5.24,-3.86,,1.54,1:1.2,CF,,11,_,0,120,120,,PEDOT:PSS,,,PDINO,,,1.82E-04,1.33E-04,0.88,17.15,68.6,10.35
17,11,link,10.103/C8TA00764K,J71,,,,-5.4,-3.24,,1.54,IDTT-OBH,-5.41,-3.86,,1.57,1:1,CF,,10,_,0,100,25,0,PEDOT:PSS,,,PDINO,,,1.52E-04,4.09E-05,0.92,14.75,61,8.02
18,11,link,10.103/C8TA00764K,PBDB-T,,,,-5.33,-2.92,,,IDTT-OBH,-5.41,-3.86,,1.57,1:0.8,CF,,9,_,0,90,110,,PEDOT:PSS,,,PDINO,,,1.84E-04,9.78E-05,0.87,17.46,72,10.93
19,11,link,10.103/C8TA00764K,PDCBT,,,,-5.31,-3.0,,,IDTT-OBH,-5.41,-3.86,,1.57,1:1.2,CF,,11,_,0,100,120,,PEDOT:PSS,,,PDINO,,,1.72E-04,8.18E-05,0.91,13.97,64.8,8.24
20,12,link,10.1002/adma.201703080,J52,,,,-5.3,,,,IEICO-4Cl,-5.56,-4.23,,1.23,1:1.5,CB,,10,DIO,1,110,100,10,PEDOT:PSS,,,PFN-Br,,2,,,0.7,23.8,60.7,10.10
21,12,link,10.1002/adma.201703080,PBDB-T,,,,-5.3,,,,IEICO-4Cl,-5.56,-4.23,,1.23,1:1,CB,,10,DIO,1,100,100,10,PEDOT:PSS,,,PFN-Br,,2,,,0.744,20.8,62.5,9.67
22,12,link,10.1002/adma.201703080,PTB7-Th,,,,-5.3,,,,IEICO-4Cl,-5.56,-4.23,,1.23,1:1.5,CB,,10,DIO,1,110,100,10,PEDOT:PSS,,,PFN-Br,,2,,,0.727,22.8,62,10.30
23,13,link,10.1021/acenergylett.8b00627,J52,1.86,57.5,,-5.21,-2.99,,1.96,IEICO-4F,-5.1098,-3.3772,,1.29,1:1.3,CB,,24,_,0,85,130,10,MoOx,,10,ZnO,,40,1.11E-04,1.35E-04,0.704,20.48,56.9,8.20
24,13,link,10.1021/acenergylett.8b00627,J52,1.86,57.5,,,,,1.96,i-IEICO-4F,-5.0183,-3.3307,,1.56,1:1,CB,,24,_,0,85,130,10,MoOx,,10,ZnO,,40,2.59E-04,3.83E-04,0.849,22.86,67.9,13.18
25,14,link,10.1002/adma.201706124,J71,2,23.5,,-5.4,-3.24,,,ITCPTC,-5.54,-3.45,,1.58,1:1,CF,3000,,_,0,110,150,2,PEDOT:PSS,,40,PDINO,,10,7.13E-04,5.31E-04,0.896,17.52,74.1,11.63
67,14,link,10.1002/adma.201706124,J71,2,23.5,,-5.4,-3.24,,,MeIC,-5.57,-3.92,,1.58,1:1,CF,3000,,_,0,110,150,2,PEDOT:PSS,,40,PDINO,,10,8.38E-04,7.39E-04,0.918,18.41,74.2,12.54
26,15,link,10.1007/s11426-016-0173-y,J40,2.6,58.9,,-5.4,-2.9,,1.95,ITIC,,,,,1:1,CF,2500,16,_,0,,120,10,PEDOT:PSS,,40,PDINO,,10,3.70E-05,1.44E-04,0.89,12.18,60.13,6.48
27,16,link,10.1002/adma.201601595,J50,,,,-5.13,-3.16,,1.88,ITIC,-5.48,-3.83,,1.59,1:2,CF,1800,18,_,0,,150,10,PEDOT:PSS,,40,PDINO,,10,6.30E-05,2.20E-05,0.71,12.93,53,4.80
28,16,link,10.1002/adma.201601595,J51,,,,-5.26,-3.08,,1.91,ITIC,-5.48,-3.83,,1.59,1:2,CF,1800,18,_,0,,150,10,PEDOT:PSS,,40,PDINO,,10,2.05E-04,8.60E-05,0.82,16.47,69,9.26
29,17,link,10.1021/jacs.6b01744,J52,1.86,57.5,,-5.21,-2.99,,1.96,ITIC,-5.48,-3.83,,1.57,1:1,CF,2500,20,_,0,,100,10,PEDOT:PSS,,40,PDINO,,10,,,0.73,13.11,57.8,5.51
30,17,link,10.1021/jacs.6b01744,J60,2.22,23.9,,-5.32,-3.08,,1.93,ITIC,-5.48,-3.83,,1.57,1:1,CF,2500,20,_,0,,100,10,PEDOT:PSS,,40,PDINO,,10,,,0.91,16.33,60.38,8.97
31,17,link,10.1021/jacs.6b01744,J61,2.29,34.2,,-5.32,-3.08,,1.93,ITIC,-5.48,-3.83,,1.57,1:1,CF,2500,20,_,0,,100,10,PEDOT:PSS,,40,PDINO,,10,4.96E-04,2.16E-04,0.89,17.43,61.48,9.53
32,18,link,10.1021/jacs.6b09110,J61,1.86,32.4,,,,,1.93,ITIC,-5.54,-3.84,,1.59,1:1,CF,3000,20,_,0,120,130,5,PEDOT:PSS,,40,PDINO,,10,2.07E-04,1.05E-04,0.898,17.97,65.49,10.57
70,18,link,10.1021/jacs.6b09110,J61,1.86,32.4,,,,,1.93,m-ITIC,-5.52,-3.82,,1.58,1:1,CF,3000,20,_,0,120,130,5,PEDOT:PSS,,40,PDINO,,10,1.54E-04,1.30E-04,0.912,18.31,70.55,11.77
33,19,link,10.1007/s11426-017-9030-9,J61-F,1.47,14.2,,-5.45,-2.91,,2.03,ITIC,-5.51,-3.83,,,1:1.5,CF,3000,18,_,0,100,170,1,PEDOT:PSS,,40,PDINO,,,7.40E-05,1.10E-04,0.95,13.12,66.1,8.24
34,20,link,10.1021/acs.macromol.8b01036,J62,1.69,8.5,,-5.31,-3.08,,1.92,ITIC,-5.48,-3.83,,,1.5:1,CF,3000,18,_,0,263,25,0,PEDOT:PSS,,,PDINO,,10,1.23E-04,4.95E-04,0.904,16.12,62.36,9.09
35,20,link,10.1021/acs.macromol.8b01036,J63,2.33,9.9,,-5.28,-3.04,,1.92,ITIC,-5.48,-3.83,,,1.5:1,CF,3000,18,_,0,166.5,25,0,PEDOT:PSS,,,PDINO,,10,8.18E-05,3.37E-04,0.882,15.72,53.11,7.38
36,20,link,10.1021/acs.macromol.8b01036,J64,2.34,11.1,,-5.33,-3.09,,1.92,ITIC,-5.48,-3.83,,,1.5:1,CF,3000,18,_,0,321,25,0,PEDOT:PSS,,,PDINO,,10,6.54E-05,3.55E-04,0.908,15.22,54.32,7.51
37,21,link,10.1002/aenm.201700746,J81,1.69,10.1,,-5.43,-2.98,,1.93,ITIC,,,,,1:1,CF,2700,18,_,0,,160,2,PEDOT:PSS,,40,PDINO,,,3.66E-04,4.06E-04,0.95,15.27,73.08,10.60
76,21,link,10.1002/aenm.201700746,J81,1.69,10.1,,-5.43,-2.98,,1.93,m-ITIC,-5.52,-3.82,,1.59,1:1,CF,2700,18,_,0,,160,2,PEDOT:PSS,,40,PDINO,,,4.08E-04,4.67E-04,0.96,16.47,69.83,11.05
38,22,link,10.1002/aenm.201700834,PBDT(T)[2F]T,1.5,32,49,-5.22,-3.22,,2,ITIC,-5.48,-3.83,,1.6,1:1,CB,1500,10,_,0,65,160,10,MoOx,,7,ZnO,,25,3.00E-05,1.20E-05,0.94,16.9,62,9.80
39,22,link,10.1002/aenm.201700834,PBDT[2F]T,2.1,13,28,-5.29,-3.19,,2.1,ITIC,-5.48,-3.83,,1.6,1.5:1,CB,1500,10,_,0,70,25,0,MoOx,,7,ZnO,,25,1.50E-05,1.00E-05,0.94,11.6,53,5.80
40,22,link,10.1002/aenm.201700834,PBDT[2H]T,1.7,28,48,-5.03,-2.93,,2.1,ITIC,-5.48,-3.83,,1.6,1:1,CB,1500,10,_,0,80,160,10,MoOx,,7,ZnO,,25,5.70E-06,2.20E-05,0.79,7.6,41,2.50
41,23,link,10.1002/adfm.201706517,PBDT-2TC,2.3,145,280,-5.43,-3.57,,1.96,ITIC,-5.51,-3.84,,1.6,1:1,CB,1200,16,_,0,110,120,10,PEDOT:PSS,,35,C60-bissalt,,3.5,2.07E-04,2.92E-04,0.93,15.3,65.7,9.35
47,23,link,10.1002/adfm.201706517,PBDT-S-2TC,1.9,104,199,-5.47,-3.58,,1.94,ITIC,-5.51,-3.84,,1.6,1:1,CB,1200,16,_,0,110,120,10,PEDOT:PSS,,35,C60-bissalt,,3.5,2.11E-04,2.83E-04,0.96,16.4,64.3,10.12
42,24,link,10.1021/acs.macromol.6b02733,PBDT-DTN,2.01,13.2,,-5.37,-3.53,,1.84,ITIC,,,,,4:6,CF,,,DPE,4,90,25,0,PEDOT:PSS,,,Ca,,20,1.44E-03,2.61E-03,0.92,13.8,65,8.30
43,25,link,10.1002/adfm.201706404,PBDT-FBT,1.73,28.5,49.3,-5.14,-3.35,,1.69,ITIC,-5.48,-3.83,,1.59,1:1,CB,2000,20,DIO,0.5,99,25,0,MoOx,,10,ZnO,,30,5.07E-05,1.47E-05,0.82,13.73,63.8,7.15
44,25,link,10.1002/adfm.201706404,PBDTF-FBT,1.76,27.2,48,-5.34,-3.53,,1.71,ITIC,-5.48,-3.83,,1.59,1:1,CB,2000,20,DIO,0.5,107,25,0,MoOx,,10,ZnO,,30,2.29E-04,1.09E-04,0.9,15.38,66.3,9.17
48,25,link,10.1002/adfm.201706404,PBDTS-FBT,1.75,28.1,49.2,-5.2,-3.4,,1.7,ITIC,-5.48,-3.83,,1.59,1:1,CB,2000,20,DIO,0.5,104,25,0,MoOx,,10,ZnO,,30,1.08E-04,3.65E-05,0.89,14.63,65.9,8.58
49,25,link,10.1002/adfm.201706404,PBDTSF-FBT,1.76,28.1,49.5,-5.41,-3.6,,1.71,ITIC,-5.48,-3.83,,1.59,1:1,CB,2000,20,DIO,0.5,109,25,0,MoOx,,10,ZnO,,30,4.70E-04,2.76E-04,1.03,17.09,66.3,11.66
45,26,link,10.1002/adfm.201701491,PBDT-NQx,1.4,38,53.2,-5.24,-3.42,,1.8,ITIC,-5.48,-3.83,,1.59,1:0.8,CB,2000,20,DIO,2,110,25,0,MoOx,,10,ZnO,,30,1.80E-04,5.60E-05,0.87,16.21,64.6,9.11
46,26,link,10.1002/adfm.201701491,PBDTS-NQx,1.7,40,68,-5.31,-3.46,,1.81,ITIC,-5.48,-3.83,,1.59,1:0.8,CB,2000,20,DIO,2,109,25,0,MoOx,,10,ZnO,,30,2.50E-04,1.30E-04,0.92,17.86,69.8,11.47
50,27,link,10.1002/adma.201703973,PBDTS-TDZ,1.9,35.9,67.6,-5.39,-2.8,,2.09,ITIC,-5.48,-3.83,,1.59,1:1,o-xylene,,20,_,0,100,25,0,MoOx,,10,ZnO,,30,1.20E-03,7.20E-04,1.1,17.78,65.4,12.80
51,27,link,10.1002/adma.201703973,PBDT-TDZ,2.1,31.6,66.3,-5.35,-2.78,,2.07,ITIC,-5.48,-3.83,,1.59,1:1,o-xylene,,20,_,0,100,25,0,MoOx,,10,ZnO,,30,4.10E-04,2.30E-04,1.02,15.91,58.1,9.43
53,28,link,10.1039/C7TA06476D,PBFZ-OP,1.95,24.1,,-5.33,-3.01,,1.99,ITIC,-5.6,-3.85,,1.59,1:1,CF,,16,_,0,,160,10,MoOx,,10,ZnO,,,3.25E-04,2.62E-04,0.91,18.7,61.8,10.50
54,29,link,10.1039/C7TA02075A,PSBZ,2.28,30.5,,-5.37,-3.47,,1.93,ITIC,-5.6,-3.85,,1.59,1:1,CB,,20,_,0,,140,10,MoOx,,10,ZnO,,,1.70E-04,1.16E-03,0.89,19,62,10.50
55,30,link,10.1039/C8TA05800H,J71,2,23.5,,-5.4,-3.65,,1.96,ITIC1,-5.48,-3.86,,1.55,1:1,CF,,14,_,0,100,100,5,PEDOT:PSS,,,ZrAcAc,,,3.10E-04,2.30E-04,0.92,14.94,61.2,8.47
56,30,link,10.1039/C8TA05800H,J71,2,23.5,,-5.4,-3.65,,1.96,ITIC5,-5.48,-3.95,,1.53,1:1,CF,,14,_,0,100,100,5,PEDOT:PSS,,,ZrAcAc,,,6.30E-04,6.90E-04,0.892,18.35,74.7,12.20
57,31,link,10.1002/adma.201800737,PBDT-ODZ,2,41.8,,-5.68,-2.89,,2.12,ITIC-Th,-5.78,-3.74,,1.6,1:1,CB,2000,20,_,0,100,25,0,CuSCN,,,PFN-Br,,5,2.20E-04,4.30E-04,1.08,15.52,60.4,10.12
58,32,link,10.1002/adma.201700144,FTAZ,2.36,42.2,,-5.38,-3.17,,2,ITIC-Th,-5.66,-3.93,,1.6,1:1.5,CF,3000,12,DIO,0.25,120,25,0,MoOx,,5,ZnO,,,2.40E-02,4.50E-03,0.915,15.84,61.26,8.88
59,32,link,10.1002/adma.201700144,FTAZ,2.36,42.2,,-5.38,-3.17,,2,ITIC-Th1,-5.74,-4.01,,1.55,1:1.5,CF,3000,12,DIO,0.25,120,25,0,MoOx,,5,ZnO,,,2.70E-02,7.60E-03,0.849,19.33,73.73,12.10
60,33,link,10.1039/C7QM00547D,FTAZ,2.36,42.2,,-5.38,-3.17,,2,ITIC-Th2,-5.75,-4.07,,1.54,1:1.5,CF,3000,12.5,DIO,0.25,100,25,0,MoOx,,5,ZnO,,30,1.30E-03,5.10E-04,0.751,17.19,70.07,9.06
61,33,link,10.1039/C7QM00547D,FTAZ,2.36,42.2,,-5.38,-3.17,,2,ITIC-Th3,-5.67,-3.73,,1.63,1:1.5,CF,3000,12.5,DIO,0.25,100,25,0,MoOx,,5,ZnO,,30,2.40E-03,7.20E-04,0.962,16.34,68.33,10.70
62,34,link,10.1002/adma.201700437,J52,1.86,57.5,,-5.21,-2.99,,1.96,IT-M,-5.56,-3.98,,1.63,1:1,CB,,12,DIO,0.5,100,150,10,PEDOT:PSS,,40,PFN-Br,,5,1.93E-04,4.07E-03,0.843,17.1,65.1,9.40
569,34,link,10.1002/adma.201700437,J52,1.86,57.5,,-5.21,-2.99,,1.96,IEICO,-5.32,-3.95,,1.34,1:1,CB,,12,DIO,0.5,100,150,10,PEDOT:PSS,,40,PFN-Br,,5,1.03E-04,6.38E-04,0.848,15.1,51,6.50
64,35,link,10.1021/acs.chemmater.7b03928,J71,2,23.5,,-5.4,-3.24,,1.96,ITVffIC,-5.58,-4.04,,1.4,1:1.2,CF,3000,,CN,0.5,100,160,2,PEDOT:PSS,,40,PDINO,,10,2.06E-04,2.15E-04,0.81,20.6,63.18,10.54
65,35,link,10.1021/acs.chemmater.7b03928,J71,2,23.5,,-5.4,-3.24,,1.96,ITVfIC,-5.56,-4.01,,1.37,1:1.2,CF,3000,,_,0,100,160,2,PEDOT:PSS,,40,PDINO,,10,3.62E-04,4.31E-04,0.84,19.73,58.67,9.72
66,35,link,10.1021/acs.chemmater.7b03928,J71,2,23.5,,-5.4,-3.24,,1.96,ITVIC,-5.46,-3.97,,1.35,1:1.2,CF,3000,,_,0,100,160,2,PEDOT:PSS,,40,PDINO,,10,3.66E-04,2.82E-04,0.89,14.47,57.64,7.34
68,36,link,10.1039/C8TA03453B,J71,2,23.5,,-5.4,-3.24,,1.96,MeIC2,-5.56,-3.97,,1.51,1:1,CF,2000,18,_,0,100,150,5,PEDOT:PSS,,,PDIN,,,4.62E-04,3.70E-04,0.885,16.9,69.4,10.20
71,37,link,10.1002/aenm.201702324,J70,2.1,34.6,,-5.37,-2.91,,1.99,m-ITIC,-5.52,-3.82,,1.58,1:1.5,CF,3000,20,_,0,,150,2,PEDOT:PSS,,40,PDINO,,,1.93E-04,8.40E-04,0.92,18.09,69.82,11.62
72,37,link,10.1002/aenm.201702324,J71,2.02,23.5,,-5.4,-3.24,,1.96,m-ITIC,-5.52,-3.82,,1.58,1:1.5,CF,3000,20,_,0,,150,2,PEDOT:PSS,,40,PDINO,,,1.09E-04,4.66E-04,0.944,18.09,70.59,12.05
73,37,link,10.1002/aenm.201702324,J72,2.2,16.6,,-5.42,-3.29,,1.98,m-ITIC,-5.52,-3.82,,1.58,1:1.5,CF,3000,20,_,0,,150,2,PEDOT:PSS,,40,PDINO,,,4.60E-05,3.98E-04,0.962,16.35,65.03,10.23
74,37,link,10.1002/aenm.201702324,J73,2.08,13.9,,-5.46,-2.92,,1.98,m-ITIC,-5.52,-3.82,,1.58,1:1.5,CF,3000,20,_,0,,150,2,PEDOT:PSS,,40,PDINO,,,3.80E-05,3.10E-04,0.974,16.45,66.87,10.71
75,37,link,10.1002/aenm.201702324,J74,1.69,11.4,,-5.56,-3.06,,1.99,m-ITIC,-5.52,-3.82,,1.58,1:1.5,CF,3000,20,_,0,,150,2,PEDOT:PSS,,40,PDINO,,,2.40E-05,4.05E-04,0.99,15.89,61.18,9.63
77,38,link,10.1002/adma.201703344,J91,1.92,6.97,13.4,-5.5,-3.02,,2,m-ITIC,-5.54,,,1.58,1:1.5,CF,2000,12,_,0,100,150,2,PEDOT:PSS,,40,PDINO,,10,1.02E-04,3.00E-04,0.984,18.03,65.54,11.63
572,38,link,10.1002/adma.201703344,J52,1.86,57.5,106.95,-5.17,-2.99,,1.96,m-ITIC,-5.54,,,1.58,1:1.5,CF,2000,12,_,0,100,150,2,PEDOT:PSS,,40,PDINO,,10,2.09E-05,2.38E-04,0.701,17.16,49.73,5.98
78,39,link,10.1039/C7TA11339K,J71,2,23.5,,-5.4,-3.24,,1.96,m-MeIC,-5.54,-3.9,,1.54,1:1,CF,3000,,_,0,100,150,2,PEDOT:PSS,-5.1,40,PDINO,-6.21,10,2.06E-04,2.52E-04,0.919,18.45,69.2,11.73
79,39,link,10.1039/C7TA11339K,PBDB-T,1.18,11.5,,-5.33,-3.53,,1.78,m-MeIC,-5.54,-3.9,,1.54,1:1,CF,3000,,_,0,100,150,2,PEDOT:PSS,-5.1,40,PDINO,-6.21,10,2.18E-04,2.69E-04,0.843,18.16,69.7,10.68
80,39,link,10.1039/C7TA11339K,PTB7-Th,,,,-5.2,-3.6,,1.58,m-MeIC,-5.54,-3.9,,1.54,1:1,CF,3000,,CN,0.5,100,25,0,PEDOT:PSS,-5.1,40,PDINO,-6.21,10,1.36E-04,1.85E-04,0.796,16.52,61.7,8.12
82,40,link,10.1039/C8CC06198J,J61,2.29,34.2,,-5.32,-3.38,,1.93,TP21,-5.46,-3.61,,1.65,1:1,CB,3000,20,_,0,100,140,10,PEDOT:PSS,,,Ca,,20,2.50E-04,7.40E-06,1.05,10.92,51,5.81
83,41,link,10.1002/adma.201704713,FTAZ,2.36,42.2,,-5.38,-3.17,,2,IHIC2,-5.69,-3.86,,1.66,1:1.5,CF,3000,13.5,_,0,100,25,0,MoOx,,5,ZnO,,,1.80E-03,2.30E-05,0.775,15.7,61.2,7.45
84,41,link,10.1002/adma.201704713,FTAZ,2.36,42.2,,-5.38,-3.17,,2,IOIC2,-5.41,-3.78,,1.55,1:1.5,CF,3000,13.5,DIO,0.2,100,25,0,MoOx,,5,ZnO,,,4.80E-03,6.80E-04,0.9,19.7,69.3,12.30
85,42,link,10.1002/adma.201604241,PBQ-0F,3.07,68.5,,-5.18,-3.48,,1.7,ITIC,-5.53,-3.94,,1.57,1:1,THF,,12,isopropanol,5,100,160,15,MoOx,,10,ZnO,,,7.80E-04,8.20E-04,0.69,16.16,59.91,6.68
86,42,link,10.1002/adma.201604241,PBQ-QF,3.58,18.3,,-5.34,-3.62,,1.72,ITIC,-5.53,-3.94,,1.57,1:1,THF,,12,isopropanol,5,100,160,15,MoOx,,10,ZnO,,,8.60E-04,8.30E-04,0.83,17.16,62.49,8.90
87,42,link,10.1002/adma.201604241,PBQ-4F,8.59,22.7,,-5.49,-3.7,,1.79,ITIC,-5.53,-3.94,,1.57,1:1,THF,,12,isopropanol,5,100,160,15,MoOx,,10,ZnO,,,1.00E-03,1.00E-03,0.95,17.87,66.8,11.34
88,43,link,10.1002/adma.201704837,PBTA-TF,2.3,,,-5.36,-3.42,,1.9,ITCC,-5.47,-3.76,,1.67,1:1,CF,,16,DIO,0.5,105,100,10,PEDOT:PSS,,,PFN-Br,,,,,1,15.54,67,10.40
89,43,link,10.1002/adma.201704837,PBTA-TF,2.3,,,-5.36,-3.42,,1.9,IT-M,-5.58,-3.85,,1.6,1:1,CF,,16,DIO,0.5,98,100,10,PEDOT:PSS,,,PFN-Br,,,,,0.97,17.76,71,12.20
90,43,link,10.1002/adma.201704837,PBTA-TF,2.3,,,-5.36,-3.42,,1.9,IT-4F,-5.66,-4.14,,1.52,1:1,CF,,16,DIO,0.5,96,100,10,PEDOT:PSS,,,PFN-Br,,,,,0.73,20.24,72,10.60
570,43,link,10.1002/adma.201704837,PBTA-TF,2.3,,,-5.36,-3.42,,1.9,IT-M,-5.58,-3.85,,1.6,1:1,THF,,16,isopropanol,1,108,100,10,PEDOT:PSS,,,PFN-Br,,,,,0.96,18.37,67,12.00
571,43,link,10.1002/adma.201704837,PBTA-TF,2.3,,,-5.36,-3.42,,1.9,IT-M,-5.58,-3.85,,1.6,1:1,o-xylene,,24,PN,0.5,112,100,10,PEDOT:PSS,,,PFN-Br,,,,,0.97,18.74,72,13.10
91,44,link,10.1002/adma.201600281,PBDB-T,1.18,11.5,,-5.33,-2.92,,1.78,ITIC,-5.51,-3.78,,1.59,1:1,CB,2500,20,DIO,0.5,100,160,,MoOx,,10,ZnO,,,2.10E-04,3.13E-04,0.899,16.81,74.2,11.21
92,45,link,10.1021/jacs.7b02677,PBDB-T-SF,3.51,20.9,,-5.4,-3.6,,1.8,IT-4F,-5.66,-4.14,,1.52,1:1,CB,2500,25,DIO,0.5,100,25,0,MoOx,,10,ZnO,,,3.25E-04,4.32E-04,0.88,20.88,71.3,13.10
567,45,link,10.1021/jacs.7b02677,PBDB-T,1.18,,13.5,-5.28,-3.48,,1.78,ITIC,-5.5,-3.89,,1.59,1:1,CB,2500,20,DIO,0.5,100,25,0,MoOx,,10,ZnO,,,2.10E-04,3.13E-04,0.9,17.03,72.1,11.05
93,46,link,10.1021/acsami.5b10211,PCDTBT-C12,2.5,20.1,50.3,-5.23,-3.26,,1.97,SM1,-5.93,-3.5,,2.43,1:2,o-DCB,,,_,0,52,90,3,PEDOT:PSS,,35,LiF,,0.7,3.00E-05,1.10E-05,1.04,4.79,56,2.78
94,46,link,10.1021/acsami.5b10211,PCDTBT-C12,2.5,20.1,50.3,-5.23,-3.26,,1.97,SM2,-5.98,-3.62,,2.36,1:2,o-DCB,,,_,0,60,90,3,PEDOT:PSS,,35,LiF,,0.7,1.10E-05,9.70E-07,1.11,2.21,30,0.74
95,46,link,10.1021/acsami.5b10211,PCDTBT-C12,2.5,20.1,50.3,-5.23,-3.26,,1.97,SM3,-5.95,-3.68,,2.27,1:2,o-DCB,,,_,0,66,90,3,PEDOT:PSS,,35,LiF,,0.7,2.70E-05,4.70E-07,1.09,1.71,30,0.56
96,46,link,10.1021/acsami.5b10211,PCDTBT-C12,2.5,20.1,50.3,-5.23,-3.26,,1.97,SM4,-5.8,-3.65,,2.15,1:2,o-DCB,,,_,0,57,90,3,PEDOT:PSS,,35,LiF,,0.7,1.00E-05,1.10E-09,1.24,0.37,28,0.13
97,47,link,10.1002/adma.201606054,PTB7,1.5,,128,-5.21,-3.36,,1.69,SFBRCN,-5.93,-3.86,,2.05,1:1.2,CB,2000,22,DIO,0.75,100,25,0,MoOx,,10,ZnO,,30,5.50E-05,1.20E-04,0.85,13.85,60.7,7.34
98,47,link,10.1002/adma.201606054,PTB7-Th,1.7,,135,-5.27,-3.55,,,SFBRCN,-5.93,-3.86,,2.05,1:1.2,CB,2000,22,DIO,0.75,100,25,0,MoOx,,10,ZnO,,30,1.50E-04,2.20E-04,0.9,17.24,64,9.90
99,48,link,10.1002/adma.201700254,PBDB-T,,,,,,,,ITIC,-5.5,-3.9,,1.59,1:1,CB,,20,DIO,1,110,100,10,PEDOT:PSS,,10,PFN-Br,,5,,1.28E-04,0.93,17,67,10.60
100,48,link,10.1002/adma.201700254,PBDB-T,,,,,,,,ITCC,-5.47,-3.76,,1.67,1:1,CB,,20,DIO,1,110,100,10,PEDOT:PSS,,10,PFN-Br,,5,,6.74E-04,1.01,15.9,71,11.40
101,49,link,10.1002/adma.201602642,PBDTTT-E-T,,,,-5.09,-3.48,,1.55,IEIC,-5.47,-3.9,,1.5,1:1.5,CB,,25,DIO,2,105,100,10,PEDOT:PSS,,10,PFN-Br,,5,,,0.9,11.7,47,4.90
102,49,link,10.1002/adma.201602642,PBDTTT-E-T,,,,-5.09,-3.48,,1.55,IEICO,-5.32,-3.95,,1.34,1:1,CB,,20,DIO,2,95,100,10,PEDOT:PSS,,10,PFN-Br,,5,1.50E-03,4.60E-04,0.82,17.7,58,8.40
419,50,link,10.1016/j.orgel.2018.10.026,PBTT,2.1,61.3,,-5.19,-3.11,,1.59,IEICO,-5.32,-3.95,,,1:1,CB,,22,DIO,3,,100,10,PEDOT:PSS,-5.1,30,PFN-Br,,5,9.08E-04,3.71E-04,0.86,17.9,61.3,9.50
420,50,link,10.1016/j.orgel.2018.10.026,PTB7-Th,2.1,61.3,,-5.26,-3.19,,1.59,IEICO,-5.32,-3.95,,,1:1,CB,,22,DIO,3,,100,10,PEDOT:PSS,-5.1,30,PFN-Br,,5,4.31E-04,1.65E-05,0.91,13.3,60.5,7.30
421,50,correct link,10.1002/adma.201602642,PBDTTT-C-T,,,,-5.11,-3.25,,1.58,IEICO,-5.32,-3.95,,1.34,,,,,,,,,,,,,,,,,,0.89,12.3,59,6.50
103,51,link,10.1002/adma.201704510,PBDB-T,,,,-5.68,-3.84,,,NITI,-5.68,-3.84,,1.49,1:1,CB,,10,_,0,100,25,0,PEDOT:PSS,-5.1,30,PNDIT-F3N,,,7.90E-05,2.10E-05,0.86,17.8,84,9.49
104,52,link,10.1002/adma.201701308,PTB7-Th,1.7,,124,-5.2,-3.59,,,IHIC,-5.45,-3.93,,1.38,1:1.5,o-DCB,1000,20,CN,1,100,25,0,MoOx,,5,ZnO,,30,6.80E-04,1.20E-03,0.744,17.1,60.9,9.41
105,53,link,10.1039/c7cc03122j,P3HT,,,,-5.2,-3.2,,,N3,-5.76,-3.97,,1.79,1:1.2,o-DCB,,,_,0,60,25,0,PEDOT:PSS,,38,Ca,,20,,2.98E-03,0.87,8.87,60,4.62
106,53,link,10.1039/c7cc03122j,P3HT,,,,-5.2,-3.2,,,N4,-5.54,-3.67,,1.87,1:1.2,o-DCB,,,_,0,60,25,0,PEDOT:PSS,,38,Ca,,20,,1.83E-04,0.91,6.69,58,3.52
107,54,link,10.1039/C7CC06369E,P3HT,,,,-5.2,-3.2,,,N5,-6.34,-3.73,,2.03,1:1.2,o-DCB,,,_,0,70,25,0,PEDOT:PSS,,38,Ca,,20,,,0.97,7.03,59,4.03
108,54,link,10.1039/C7CC06369E,P3HT,,,,-5.2,-3.2,,,N6,-6.38,-3.98,,1.53,1:1.2,o-DCB,,,_,0,70,25,0,PEDOT:PSS,,38,Ca,,20,,,0.9,10.78,63,6.11
109,55,link,10.1020/jacs.7b13239,PTB7-Th,,,,-5.2,-3.59,,,DTPC-IC,-5.21,-3.97,,1.24,1:1.5,o-DCB,2000,25,_,0,100,25,0,PEDOT:PSS,,,C60-bissalt,,,4.60E-04,3.70E-05,0.863,8.53,42.4,3.12
110,55,link,10.1020/jacs.7b13239,PTB7-Th,,,,-5.2,-3.59,,,DTPC-DFIC,-5.31,-4.1,,1.21,1:1.5,o-DCB,2000,25,DIO,0.5,100,25,0,PEDOT:PSS,,,C60-bissalt,,,5.00E-04,1.60E-04,0.76,21.92,61.3,10.21
111,56,link,10.1002/adma.201604964,PBDB-T,,,,-5.33,-2.92,,,DICTF,-5.67,-3.79,,1.82,1:1.2,CB,1700,22,DIO,0.3,,25,0,PEDOT:PSS,,40,PDIN,,14,1.56E-05,1.49E-05,0.93,10.3,59,5.93
112,56,link,10.1002/adma.201604964,PBDB-T,,,,-5.33,-2.92,,,FDICTF,-5.43,-3.71,,1.63,1:1.2,CB,1700,22,DIO,0.3,,25,0,PEDOT:PSS,,40,PDIN,,14,3.37E-05,2.40E-05,0.94,15.81,66,10.06
113,57,link,10.1021/acsami.6b15717,P3HT,,,,-5.08,-2.96,,,MPU1,-5.81,-3.99,,1.48,1:1,CF,2500,16,DIO,3,90,40,10,PEDOT:PSS,,40,PFN,,15,2.58E-05,8.15E-05,0.64,4.22,42,1.14
114,57,link,10.1021/acsami.6b15717,P_dFBT-DTS,,,,-5.31,-3.33,,1.75,MPU1,-5.81,-3.99,,1.48,1:1,CF,2500,16,DIO,3,90,40,10,PEDOT:PSS,,40,PFN,,15,5.11E-05,8.83E-05,1.04,8.36,48,4.17
115,58,link,10.1021/jacs.7b00566,PBDB-T,,,,-5.33,-2.92,,,IDT-BC6,-5.55,-3.83,,1.75,1:1,o-DCB,1750,8,_,0,100,25,0,MoOx,-5.49,8,ZnO,,30,2.89E-06,1.38E-06,0.92,5.63,44,2.30
116,58,link,10.1021/jacs.7b00566,PBDB-T,,,,-5.33,-2.92,,,IDT-BOC6,-5.51,-3.78,,1.63,1:1,o-DCB,1750,8,DIO,1,100,25,0,MoOx,-5.49,8,ZnO,,30,1.68E-04,1.98E-04,1.01,17.52,54,9.60
117,59,link,10.1002/adma.201705969,PTB7-Th,1.7,,124,-5.2,-3.59,,,ITIC3,-5.54,-3.9,,1.55,1:1.5,CF,1500,10,_,0,,25,0,MoOx,,5,ZnO,,30,6.80E-04,2.70E-04,0.763,16.8,63.1,8.09
118,59,link,10.1002/adma.201705969,PTB7-Th,1.7,,124,-5.2,-3.59,,,FOIC,-5.36,-3.92,,1.32,1:1.5,CF,1500,10,_,0,80,25,0,MoOx,,5,ZnO,,30,1.00E-03,5.10E-04,0.743,24,67.1,12.00
122,60,link,10.1039/c7ta05108e,P3HT,,,,-5,-3.1,,,ATT-3,-5.32,-3.4,,1.61,1:0.8,CF,3000,16.2,_,0,70,130,10,PEDOT:PSS,,30,Ca,,20,4.71E-05,9.60E-06,0.927,10.93,62,6.26
123,61,link,10.1039/C7TA04431C,PBDB-T,,,,-5.33,-2.92,,,IT-O1,-5.38,-3.33,,1.59,1:1,CB,3000,10,_,0,101,130,20,PEDOT:PSS,,30,PFN-Br,,10,1.20E-04,5.43E-05,0.93,17.35,72,11.60
124,61,link,10.1039/C7TA04431C,PBDB-T,,,,-5.33,-2.92,,,IT-O2,-5.37,-3.31,,1.59,1:1,CB,3000,10,_,0,94,130,20,PEDOT:PSS,,30,PFN-Br,,10,4.58E-04,8.40E-05,0.97,15.34,62.6,9.30
125,61,link,10.1039/C7TA04431C,PBDB-T,,,,-5.33,-2.92,,,IT-O3,-5.36,-3.31,,1.59,1:1,CB,3000,10,_,0,90,130,20,PEDOT:PSS,,30,PFN-Br,,10,1.50E-05,1.77E-06,0.98,9.8,51.4,4.90
126,61,link,10.1039/C7TA04431C,PBDB-T,,,,-5.33,-2.92,,,IT-O4,-5.35,-3.3,,1.59,1:1,CB,3000,10,_,0,89,130,20,PEDOT:PSS,,30,PFN-Br,,10,7.34E-05,1.71E-06,0.95,9.16,47.9,4.20
127,62,link,10.1039/C7QM00025A,PTPDBDT,,,,-5.6,-3.75,,1.85,ITIC,-5.61,-4.02,,1.59,1:1,CF:n-hexane (9:1),,,_,0,65,25,0,MoOx,,10,ZnO,,,1.10E-04,1.40E-04,1.04,10.6,58,6.40
128,62,link,10.1039/C7QM00025A,PTPDBDT,,,,-5.6,-3.75,,1.85,F-ITIC,-5.65,-4.09,,1.56,1:1,CF:n-hexane (9:1),,,_,0,40,150,30,MoOx,,10,ZnO,,,5.70E-05,3.10E-04,0.94,14.1,66,8.80
129,62,link,10.1039/C7QM00025A,PTPDBDT,,,,-5.6,-3.75,,1.85,Cl-ITIC,-5.7,-4.14,,1.56,1:1,CF:n-hexane (9:1),,,_,0,40,150,30,MoOx,,10,ZnO,,,7.80E-05,5.20E-04,0.94,15.6,65,9.50
130,62,link,10.1039/C7QM00025A,PTPDBDT,,,,-5.6,-3.75,,1.85,Br-ITIC,-5.73,-4.2,,1.53,1:1,CF:n-hexane (9:1),,,_,0,40,150,30,MoOx,,10,ZnO,,,9.30E-05,5.10E-04,0.93,15.4,66,9.40
131,62,link,10.1039/C7QM00025A,PTPDBDT,,,,-5.6,-3.75,,1.85,I-ITIC,-5.68,-4.14,,1.55,1:1,CF:n-hexane (9:1),,,_,0,40,150,30,MoOx,,10,ZnO,,,7.10E-05,4.10E-04,0.93,14.5,65,8.90
132,63,link,10.1021/jacs.7b01170,PBDB-T,,,,-5.33,-2.92,,,NFBDT,-5.4,-3.83,,1.56,1:0.8,CF,1500,9,_,0,100,25,0,PEDOT:PSS,,30,PDIN,,,3.68E-04,1.38E-04,0.863,17.35,66.3,10.15
133,64,link,10.1002/adma.201704904,PBDB-T,,,,-5.33,-2.92,,,NCBDT,-5.36,-3.89,,1.45,1:0.8,CF,1400,9,_,0,100,25,0,PEDOT:PSS,,15,PDINO,,,3.92E-04,1.58E-04,0.835,19.73,70.2,11.62
272,64,link,10.1002/adma.201704904,PBDB-T,,,,-5.33,-2.92,,,NFBDT,-5.4,-3.83,,1.56,1:0.8,CF,1400,9,_,0,100,25,0,PEDOT:PSS,,15,PDINO,,,3.68E-04,1.38E-04,0.868,17.85,67.2,10.42
134,65,link,10.1039/C8TA08961B,J71,,,,-5.48,-3.6,,,ZITI-4F,-5.66,-3.81,,1.47,1:1,CF,3000,18,_,0,110,120,10,PEDOT:PSS,-5.1,30,PNDIT-F3N,,,3.83E-04,1.86E-04,0.85,21.3,72.76,13.18
135,66,link,10.1002/adma.201800403,J71,,,,-5.48,-3.6,,2,ZITI,-5.59,-3.74,,1.53,1:1,CF,3000,17,_,0,,120,10,PEDOT:PSS,-5.1,30,PNDIT-F3N,,,1.70E-04,1.13E-04,0.93,20.24,68.61,13.04
136,67,link,10.1021/acsami.7b12612,PBDB-T,1.5,30,,-5.33,-2.92,,,DTCCIC-C17,-5.46,-3.65,,1.6,1:1.5,CB,1600,,DIO,0.5,150,25,0,MoOx,-5.49,7,ZnO,,30,,,0.96,14.03,67,9.02
137,68,link,10.1038/ncomms11585,P3HT,,,,-5,-3.1,,,O-IDTBR,-5.56,-3.93,,1.63,1:1,CB,2000,24,_,0,75,130,10,MoOx,,10,ZnO,,30,,4.70E-06,0.72,13.9,60,6.30
138,68,link,10.1038/ncomms11585,P3HT,,,,-5,-3.1,,,EH-IDTBR,-5.58,-3.9,,1.68,1:1,CB,2000,24,_,0,75,130,10,MoOx,,10,ZnO,,30,3.00E-04,5.80E-06,0.76,12.1,62,6.00
139,69,link,10.1021/ja5110602,P3HT,,,,-5,-3.1,,,FBR,-5.7,-3.57,,2.14,1:1,CF:o-DCB (4:1),5000,16,_,0,80,110,15,MoOx,,10,ZnO,,30,,2.60E-05,0.82,7.95,63,4.11
140,70,link,10.1002/adma.201800052,PBDB-T,,,,-5.23,-3.18,,,IDTCN,-5.87,-3.92,,1.65,1:1,CB,2000,20,DIO,0.5,100,110,3,MoOx,,3,ZnO,,,1.38E-04,2.08E-04,0.85,12.06,62.48,6.40
142,72,link,10.1016/j.orgel.2018.06.040,P3HT,,,,-5.2,-3.2,,,NAI-FN-NAI(BO),-6.07,-3.96,,2.13,1:1,CB,,20,_,0,95,25,0,PEDOT:PSS,,30,LiF,,1,,,0.9,9.3,47,3.80
552,72,link,10.1016/j.orgel.2018.06.040,P3HT,,,,-5.2,-3.2,,,NAI-FN-NAI(DT),-6.09,-3.97,,2.13,1:1,CB,,20,_,0,95,25,0,PEDOT:PSS,,30,LiF,,1,,,0.89,2.55,35,0.75
553,72,link,10.1016/j.orgel.2018.06.040,P3HT,,,,-5.2,-3.2,,,PI-FN-PI(DT),-6.02,-3.92,,2.07,1:1,CB,,20,_,0,95,25,0,PEDOT:PSS,,30,LiF,,1,,,0.91,4.95,48,2.20
572,72,link,10.1002/adma.201606396,PTzBI,1.6,90.9,,-5.34,-3.46,,1.81,ITIC,,,,,1:1,CB,,20,DBE,0.5,95,130,10,PEDOT:PSS,-5,40,PFN-Br,-2.18,5,8.60E-05,2.30E-05,0.87,18.29,64.34,10.24
143,73,link,10.1021/acsami.6b16395,P3HT,,,,-5.2,-3.2,,,NAI-FN-NAI(HD),-6.06,-3.98,,2.12,1:1,CB,,20,_,0,95,25,0,PEDOT:PSS,,30,LiF,,1,,,0.88,7.55,43,2.80
144,73,link,10.1021/acsami.6b16395,P3HT,,,,-5.2,-3.2,,,NAI-FCN-NAI(BO),-6.14,-4.21,,1.61,1:1,CB,,20,_,0,95,25,0,PEDOT:PSS,,30,LiF,,1,,,0.58,3.25,39,0.80
145,74,link,10.1021/jacs.6b12755,FTAZ,,,,-5.38,-3.17,,,INIC,-5.45,-3.88,,1.57,1:1.5,CF,3000,12.5,DIO,0.25,100,25,0,MoOx,,5,ZnO,,30,1.20E-03,6.10E-05,0.957,13.51,57.9,7.70
146,74,link,10.1021/jacs.6b12755,FTAZ,,,,-5.38,-3.17,,,INIC1,-5.54,-3.97,,1.56,1:1.5,CF,3000,12.5,DIO,0.25,100,25,0,MoOx,,5,ZnO,,30,1.20E-03,1.00E-04,0.929,16.63,64.3,10.10
147,74,link,10.1021/jacs.6b12755,FTAZ,,,,-5.38,-3.17,,,INIC2,-5.52,-3.98,,1.52,1:1.5,CF,3000,12.5,DIO,0.25,100,25,0,MoOx,,5,ZnO,,30,1.20E-03,1.20E-04,0.903,17.56,66.8,10.80
148,74,link,10.1021/jacs.6b12755,FTAZ,,,,-5.38,-3.17,,,INIC3,-5.52,-4.02,,1.48,1:1.5,CF,3000,12.5,DIO,0.25,100,25,0,MoOx,,5,ZnO,,30,1.20E-03,1.70E-04,0.857,19.44,67.4,11.50
149,75,link,10.1002/adma.201706571,PTB7-Th,,,,-5.2,-3.59,,,F6IC,-5.66,-4.02,,1.36,1:1.7,CF,1500,10,DPE,0.5,,25,0,MoOx,,5,ZnO,,,1.30E-04,4.50E-05,0.611,18.07,64,7.10
150,75,link,10.1002/adma.201706571,PTB7-Th,,,,-5.2,-3.59,,,F8IC,-5.43,-4,,1.27,1:1.7,CF,1500,10,DPE,0.5,,25,0,MoOx,,5,ZnO,,,2.00E-04,1.60E-04,0.64,25.12,67.6,10.90
151,75,link,10.1002/adma.201706571,PTB7-Th,,,,-5.2,-3.59,,,F10IC,-5.26,-3.96,,1.25,1:1.7,CF,1500,10,DPE,0.5,,25,0,MoOx,,5,ZnO,,,1.80E-04,1.00E-04,0.73,20.83,66.8,10.20
152,76,link,10.1039/c4ta06004k,PBDTTT-C-T,,,,-5.2,-3.34,,,DC-IDT2T,-5.43,-3.85,,1.55,1.2:1,o-DCB:CF (6.667:1),,20,_,0,70,25,0,PEDOT:PSS,,35,Ca,,20,2.00E-03,1.50E-03,0.9,8.33,52.3,3.93
153,77,link,10.1039/C6EE02598F,Pff4TBT-2DT,,,,-5.34,-3.7,,1.61,FBR,-5.83,-3.75,,2.08,1:1,CB,,20,_,0,120,25,0,MoOx,,10,ZnO,,35,,,1.12,11.5,61,7.80
154,77,link,10.1039/C6EE02598F,Pff4TBT-2DT,,,,-5.34,-3.7,,1.61,FTTB,-5.65,-3.62,,2.04,1:1,CB,,20,_,0,120,25,0,MoOx,,10,ZnO,,35,,,1.05,10.3,45,5.00
155,77,link,10.1039/C6EE02598F,Pff4TBT-2DT,,,,-5.34,-3.7,,1.61,IDFBR,-5.75,-3.7,,2.15,1:1,CB,,20,_,0,120,25,0,MoOx,,10,ZnO,,35,,,1.08,4.4,38,1.75
156,77,link,10.1039/C6EE02598F,Pff4TBT-2DT,,,,-5.34,-3.7,,1.61,O-IDTBR,-5.5,-3.9,,1.6,1:1,CB,,20,_,0,120,25,0,MoOx,,10,ZnO,,35,,,1.07,15,62,9.95
157,78,link,10.1039/C8TA09370A,J71,,,,-5.4,-3.24,,,TTz1,-5.59,-3.66,,1.65,1:2,CF,3000,15,DIO,0.25,100,25,0,MoOx,,10,ZnO,,30,4.24E-04,1.46E-04,0.9,15.43,63.18,8.77
158,78,link,10.1039/C8TA09370A,J71,,,,-5.4,-3.24,,,TTz2,-5.45,-3.5,,1.61,1:2,CF,3000,15,DIO,0.25,100,25,0,MoOx,,10,ZnO,,30,2.92E-04,8.74E-05,0.92,12.75,53.73,6.30
159,79,link,10.1039/C7TA02141K,PBDB-T,,,,-5.23,-3.42,,1.81,FTIC-C8C6,-5.62,-3.83,,1.63,1:1,o-DCB,,8,DIO,0.5,200,25,0,MoOx,,,PFN-Br,,5,2.91E-05,1.94E-05,0.92,16.1,67.46,9.91
160,79,link,10.1039/C7TA02141K,PBDB-T,,,,-5.23,-3.42,,1.81,FTIC-C6C6,-5.6,-3.81,,1.63,1:1,o-DCB,,8,DIO,0.3,200,25,0,MoOx,,,PFN-Br,,5,2.78E-05,1.39E-05,0.91,16.03,63.17,9.18
161,79,link,10.1039/C7TA02141K,PBDB-T,,,,-5.23,-3.42,,1.81,FTIC-C6C8,-5.64,-3.81,,1.63,1:1,o-DCB,,8,DIO,0.5,200,25,0,MoOx,,,PFN-Br,,5,4.60E-05,3.81E-05,0.92,18.55,64.72,11.12
162,80,link,10.1016/j.solener.2017.03.090,PTB7-Th,,,,-5.2,-3.5,,,NDI-TR,-5.81,-3.95,,1.87,,,,,_,0,175,25,0,PEDOT:PSS,-5,,Al,,,1.30E-03,6.00E-05,0.64,7.01,69,3.07
163,81,link,10.1002/aenm.201801203,PBDB-T,,,,-5.23,-3.42,,,IXIC,-5.13,-3.78,,1.35,1:1,CF,2000,14,_,0,100,100,5,PEDOT:PSS,,40,ZrAcAc,,10,8.40E-04,4.10E-04,0.82,20.9,65.4,11.30
164,81,link,10.1002/aenm.201801203,PBDB-T,,,,-5.23,-3.42,,,IXIC-4Cl,-5.2,-3.95,,1.25,1:1,CF,2000,14,_,0,100,100,5,PEDOT:PSS,,40,ZrAcAc,,10,8.90E-04,4.90E-04,0.69,22.9,71.2,11.20
165,82,link,10.1039/c7ta02486j,HFQx-T,,,,-5.45,-3.5,,1.76,ITTC,-5.49,-3.85,,1.61,1:1,CF,2800,18,_,0,100,130,10,PEDOT:PSS,-5.1,,PDINO,,10,6.00E-05,8.10E-05,0.88,16.49,71,10.40
166,83,link,10.1039/c7ta10136h,PBDB-T,,,,-5.23,-3.42,,,ITIC-OE,-5.67,-4.03,,1.57,1:1,CB,,,DIO,0.5,103,120,10,PEDOT:PSS,,40,PFN-Br,,5,3.50E-04,1.20E-05,0.85,14.8,67,8.40
167,83,link,10.1039/c7ta10136h,PBDB-T,,,,-5.23,-3.42,,,ITIC,-5.68,-4.03,,1.58,1:1,CB,,,DIO,0.5,100,120,10,PEDOT:PSS,,40,PFN-Br,,5,3.20E-04,3.10E-04,0.89,16.5,71,10.40
168,84,link,10.1002/aenm.201700183,PBDB-T,,,,-5.23,-3.42,,,IT-OM-1,-5.5,-3.76,,1.67,1:1,CB,3000,20,_,0,95,150,30,MoOx,,10,ZnO,,30,1.78E-04,1.58E-06,1.01,12.31,51,6.30
169,84,link,10.1002/aenm.201700183,PBDB-T,,,,-5.23,-3.42,,,IT-OM-2,-5.49,-3.86,,1.59,1:1,CB,3000,20,_,0,105,150,30,MoOx,,10,ZnO,,30,1.13E-03,2.86E-04,0.93,17.53,73,11.80
170,84,link,10.1002/aenm.201700183,PBDB-T,,,,-5.23,-3.42,,,IT-OM-3,-5.52,-3.8,,1.64,1:1,CB,3000,20,_,0,105,150,30,MoOx,,10,ZnO,,30,6.43E-04,8.21E-05,0.97,16.38,68,10.80
171,84,link,10.1002/aenm.201700183,PBDB-T,,,,-5.23,-3.42,,,IT-OM-4,-5.49,-3.81,,1.63,1:1,CB,3000,20,_,0,105,150,30,MoOx,,10,ZnO,,30,4.53E-04,4.33E-05,0.96,14.69,56,7.90
172,85,link,10.1002/aenm.201800204,PBDB-T,,,,-5.33,-3.53,,,ITCT-DM,-5.48,-3.9,,1.58,1:1,CB,,20,DIO,0.5,100,120,10,PEDOT:PSS,,40,N719:PrC60MAI,,,8.50E-05,6.68E-04,0.904,16.32,65,10.56
173,85,link,10.1002/aenm.201800204,PBDB-T,,,,-5.33,-3.53,,,ITCT,-5.52,-3.45,,,1:1,CB,,20,_,0,100,120,10,PEDOT:PSS,,40,N719:PrC60MAI,,,6.50E-05,3.30E-04,0.85,17.88,72,11.27
174,86,link,10.1002/adfm.201702194,PBDB-T,,,,-5.23,-3.18,,,ITCPTC-Th,-5.68,-4.03,,1.6,1:1,CB,2500,20,DIO,0.5,100,25,0,MoOx,,3,ZnO,,,8.76E-04,7.46E-04,0.856,17.05,72.7,10.61
175,86,link,10.1002/adfm.201702194,PBDB-T,,,,-5.23,-3.18,,,ITCPTC-Se,-5.65,-4,,1.59,1:1,CB,2500,20,DIO,0.5,100,25,0,MoOx,,3,ZnO,,,6.96E-04,4.95E-04,0.869,15.2,68.3,9.02
176,87,link,10.1039/C8TA07954D,PTB7-Th,,,,-5.22,-3.64,,,IEICO-4F,-5.44,-4.19,,,1:1.5,CB,,37.5,DIO,,100,100,10,PEDOT:PSS,,,PFN-Br,,5,2.11E-04,7.21E-05,0.72,25.16,61.45,11.13
177,87,link,10.1039/C8TA07954D,PBDB-T,,,,-5.33,-3.53,,,ITCC,-5.47,-3.76,,,1:1,CB,,20,DIO,,100,100,10,PEDOT:PSS,,,PFN-Br,,5,1.15E-04,2.52E-04,0.98,16.14,71.32,11.28
178,88,link,10.1039/C8SC02018C,PBDB-T,,,,,,,,MeIC,-5.57,-3.94,,1.53,1:1,CB,,20,DIO,0.5,100,120,8,PEDOT:PSS,,40,PDIN,,10,7.61E-04,3.63E-04,0.896,18.07,74.3,12.03
179,89,link,10.1016/j.dyepig.2017.01.039,PTB7-Th,,,,-5.31,-3.71,,,IFTIC,-5.42,-3.85,,1.82,1:2,o-DCB,2000,25,_,0,85,25,0,MoOx,,10,ZnO,,35,8.24E-05,3.02E-05,0.9,11.85,53.5,5.77
180,90,link,10.1039/C5TA05901A,PBDTTT-C-T,,,,-5.11,-3.25,,,IDT-2BM,-5.6,-3.8,,1.6,1.5:1,o-DCB,,30,CN,6,,25,0,PEDOT:PSS,,35,Ca,,20,8.30E-05,5.00E-07,0.76,9.81,54.4,4.19
181,90,link,10.1039/C5TA05901A,PBDTTT-C-T,,,,-5.11,-3.25,,,IDTT-2BM,-5.5,-3.8,,1.54,1.5:1,o-DCB,,30,DIO,3,,25,0,PEDOT:PSS,,35,Ca,,20,1.70E-03,2.80E-06,0.845,9.67,56.8,4.70
182,91,link,10.1039/c7ta05774a,PTB7-Th,,,,-5.42,-3.81,,,IDT-T,-5.41,-3.96,,1.45,1:1.3,CB,,10,CN,1.5,,25,0,MoOx,,10,ZnO,,,3.10E-04,7.50E-05,0.84,9.54,50.9,4.08
183,91,link,10.1039/c7ta05774a,PBDB-T,,,,-5.21,-3.41,,,IDT-Tz,-5.62,-4.09,,1.53,1:1,CB,,10,CN,1.5,,25,0,MoOx,,10,ZnO,,,,,0.88,13.67,70.8,8.52
192,92,link,10.1039/c6ta00612d,PTB7-Th,,,,-5.22,-3.64,,,IDT-IC,-5.61,-3.88,,1.72,1:1.5,o-DCB,1500,,_,0,127,150,10,PEDOT:PSS,-5.1,,PDINO,,,,2.09E-05,0.83,9.53,40,3.16
185,93,link,10.1039/C4EE03424D,PTB7-Th,,,,-5.2,-3.59,,,IEIC,-5.42,-3.82,,1.57,1:1.5,o-DCB,1000,25,_,0,110,25,0,PEDOT:PSS,,30,PDIN,,14,4.50E-04,1.00E-04,0.97,13.55,48,6.31
186,94,link,10.1039/C7TA06631G,PTB7-Th,,,,-5.22,-3.64,,,IDT-N,-5.73,-4.08,,1.66,1:1,CF,2000,10,_,0,100,100,10,PEDOT:PSS,,,PNDIT-F3N-Br,,5,,,0.73,13.02,57.7,5.50
187,94,link,10.1039/C7TA06631G,PTB7-Th,,,,-5.22,-3.64,,,IDT-T-N,-5.58,-4.06,,1.52,1:1,CF,2000,10,CN,2,100,100,10,PEDOT:PSS,,,PNDIT-F3N-Br,,5,,,0.87,14.67,51.38,6.60
188,94,link,10.1039/C7TA06631G,PBDB-T,,,,-5.33,-3.53,,,IDT-N,-5.73,-4.08,,1.66,1:1,CF,2000,10,CN,0.25,100,100,10,PEDOT:PSS,,,PNDIT-F3N-Br,,5,4.57E-04,2.87E-04,0.79,15.88,71.91,8.99
189,94,link,10.1039/C7TA06631G,PBDB-T,,,,-5.33,-3.53,,,IDT-T-N,-5.58,-4.06,,1.52,1:1,CF,2000,10,CN,2,100,100,10,PEDOT:PSS,,,PNDIT-F3N-Br,,5,1.43E-04,6.07E-05,0.94,14.03,56.11,7.40
0,95,link,10.1039/C8TA08410F,PBDB-T,,,,-5.23,-3.42,,,IDT-EDOT,-5.43,-3.8,,1.41,1:1.2,o-DCB,1200,,DIO,0.2,100,25,0,MoOx,,8.5,ZnO,,,,,0.86,21.34,62,11.32
191,95,link,10.1039/C8TA08410F,PBDB-T,,,,-5.23,-3.42,,,IDT-PDOT,-5.39,-3.77,,1.43,1:0.5,o-DCB,1200,,_,0,100,25,0,MoOx,,8.5,ZnO,,,,,0.85,5.26,48.9,2.18
193,96,link,10.1039/C8TA11972D,PTB7-Th,,,,-5.2,-3.6,,,p-IDTIDT-IC,-5.42,-3.82,,1.53,1:1.5,o-DCB,1500,25,_,0,150,150,2,PEDOT:PSS,,,PDINO,,,,4.54E-05,0.94,14.49,47.5,6.48
194,97,link,10.1039/C7TA10461H,PBDB-TF,2.3,22.9,,-5.48,-3.64,,1.8,IDT-C6,-5.59,-3.35,,1.65,1:1,CF,,16,DIO,0.5,110,100,10,PEDOT:PSS,,10,PFN-Br,,5,3.39E-04,3.85E-04,0.96,17.5,74,12.50
195,97,link,10.1039/C7TA10461H,PBDB-TF,2.3,22.9,,-5.48,-3.64,,1.8,IDT-PhC6,-5.56,-3.32,,1.74,1:1,CF,,16,DIO,0.5,100,100,10,PEDOT:PSS,,10,PFN-Br,,5,2.06E-04,1.37E-05,1,13,43,5.60
196,98,link,10.1039/C7TC00706J,PTB7-Th,,,,,,,,IDT-2BM,-5.56,-3.65,,1.63,1:1.5,CB,3000,,DPE,2,,25,0,MoOx,,10,ZnO,,,2.87E-03,6.83E-05,0.826,9.29,52,3.97
197,99,link,10.1002/aenm.201802050,FTAZ,,,,,,,,IDCIC,-5.19,-3.72,,1.45,,CF,,23.3,CN:DIO (1:1),0.25,120,100,20,MoOx,,5,ZnO,,30,3.00E-04,1.50E-04,0.87,21.98,71.03,13.58
198,100,link,10.1021/acs.chemmater.7b02811,PBDB-T,,,,-5.33,-2.92,,,FDNCTF,-5.42,-3.73,,1.6,1:0.8,CB,1500,19.8,_,0,120,25,0,PEDOT:PSS,,30,PDINO,,,1.77E-04,1.00E-04,0.94,15.8,66,10.00
199,100,link,10.1021/acs.chemmater.7b02811,PBDB-T,,,,-5.33,-2.92,,,FDICTF,-5.43,-3.71,,1.63,1:0.8,CB,1500,19.8,_,0,120,25,0,PEDOT:PSS,,30,PDINO,,,3.37E-05,2.40E-05,0.93,16.3,72.5,11.20
200,101,link,10.1021/acs.chemmater.7b03770,PTB7-Th,,,,-4.9,-3.32,,,DTNR,-5.22,-3.5,,1.72,1:1.5,CB,2300,20,CN,1,90,25,0,MoOx,,10,ZnO,,,1.84E-05,2.45E-05,1.08,15.72,56,9.51
201,102,link,10.1021/acs.chemmater.7b02887,PBDB-T,,,,-5.33,-2.92,,,DTNIC6,-5.87,-3.92,,1.7,1:1,CB,2500,18,_,0,100,25,0,MoOx,,10,TiO2:TOPD,,,1.30E-05,3.20E-06,0.96,7.71,45.63,3.39
202,102,link,10.1021/acs.chemmater.7b02887,PBDB-T,,,,-5.33,-2.92,,,DTNIC8,-5.91,-3.93,,1.73,1:1,CB,2500,18,_,0,100,25,0,MoOx,,10,TiO2:TOPD,,,3.10E-05,2.80E-05,0.96,12.92,72.84,9.03
203,103,link,10.1039/C7TA01143A,PTB7-Th,,,,-5.2,-3.56,,,DTCC-IC,-5.5,-3.87,,1.59,1:1,CF,2000,13,CN,1,,100,5,PEDOT:PSS,,,Ca,,20,6.76E-04,1.52E-03,0.95,11.23,56.2,6.00
204,104,link,10.1016/j.dyepig.2017.03.015,P3HT,,,,-5.1,-3.1,,,DNIT-TT2T,-5.94,-3.75,,2.19,1:1,o-DCB,,,_,0,80,130,,PEDOT:PSS,,40,Ca,,10,,,0.88,3.28,43.47,1.25
205,105,link,10.1039/C6TA04358E,PTB7-Th,,,,-4.9,-3.32,,,DICTF,-5.67,-3.79,,1.82,1:1.4,CF,,,_,0,,100,,PEDOT:PSS,,40,PDIN,,,3.82E-04,1.93E-04,0.85,16.33,55,7.63
206,106,link,10.1039/C7TA04703G,P1_BDT-TBT,,,,-5.1,-3.48,,1.6,PY1,-5.27,-4,,1.4,1:2,CF,2000,18,DIO,3,,25,0,PEDOT:PSS,,40,PFN-Br,,,2.17E-04,1.06E-04,0.83,10.53,56,4.89
207,106,link,10.1039/C7TA04703G,P1_BDT-TBT,,,,-5.1,-3.48,,1.6,DCI-2,-5.24,-4.05,,1.23,1:2,CF,2000,18,DIO,3,,25,0,PEDOT:PSS,,40,PFN-Br,,,1.14E-04,2.21E-04,0.8,13.77,63,6.94
208,107,link,10.1016/j.jechem.2015.10.002,PBDTTT-C-T,,,,,,,,DC-IDT2F,-5.44,-3.88,,1.54,2:1,o-DCB,,20,_,0,,25,0,MoOx,,10,PEIE,,,1.20E-04,4.10E-04,0.96,6.32,50.8,3.08
209,108,link,10.1016/j.dyepig.2017.12.054,PTB7-Th,,,,-5.22,-3.64,,,IM-IDT,-5.44,-4,,1.48,1:1,o-DCB,,10,DPE,1,,100,,PEDOT:PSS,,,Ca,,20,3.48E-07,1.85E-07,0.58,4.96,49.16,1.60
210,108,link,10.1016/j.dyepig.2017.12.054,PTB7-Th,,,,-5.22,-3.64,,,TIM-IDT,-5.36,-4.01,,1.43,1:1,o-DCB,,10,_,0,,25,0,PEDOT:PSS,,,Ca,,20,1.52E-06,3.42E-07,0.6,5.26,45.53,1.63
211,109,link,10.1002/aenm.201801212,PTB7-Th,,,,-5.2,-3.61,,,COTIC-4F,-5.26,-4.16,,1.1,1:1.5,CB,1050,20,CN,2,73,25,0,MoOx,,6,ZnO,,35,2.10E-04,8.50E-05,0.56,20.3,56.3,6.40
212,109,link,10.1002/aenm.201801212,PTB7-Th,,,,-5.2,-3.61,,,SiOTIC-4F,-5.28,-4.11,,1.17,1:1.5,CF,1050,20,CN,2,75,25,0,MoOx,,6,ZnO,,35,3.30E-04,9.80E-05,0.65,21.6,61.4,8.60
213,110,link,10.1039/C8TC03963A,P3HT,,,,-4.77,-2.09,,,BTA100,-5.32,-3.23,,2.05,1:1,CF,,15,_,0,82,100,,PEDOT:PSS,,,Ca,,20,4.40E-08,6.85E-09,1.34,1.65,47,1.04
214,110,link,10.1039/C8TC03963A,P3HT,,,,-4.77,-2.09,,,BTA101,-5.41,-3.55,,1.88,1:1,CF,,15,_,0,82,120,,PEDOT:PSS,,,Ca,,20,2.28E-07,1.44E-07,1.19,5.33,56,3.55
215,110,link,10.1039/C8TC03963A,P3HT,,,,-4.77,-2.09,,,BTA103,-5.37,-3.61,,1.76,1:2,CF,,15,_,0,82,120,,PEDOT:PSS,,,Ca,,20,1.46E-06,3.52E-05,0.94,8.56,66,5.31
216,111,link,10.1002/aenm.201702831,PTB7-Th,,,,,,,,6TIC,-5.21,-3.83,,1.38,1:1.5,CB,,25,DIO,0.25,100,150,10,MoOx,,6,ZnO,,,,7.00E-04,0.831,20.11,66.16,11.07
217,112,link,10.1016/j.scib.2017.10.017,PTB7-Th,,,,-5.39,-3.12,,,COi8DFIC,-5.5,-3.88,,1.26,1:1,CB,,18,DIO,1,124,25,0,MoOx,,6,ZnO,,30,,,0.68,26.12,68.2,12.16
218,113,link,10.1007/s11426-016-0336-6,PTB7-Th,,,,,,,,IDT-2BR,-5.52,-3.69,,1.68,1:1,o-DCB:CF (4:1),,15,CN,3,80,25,0,PEDOT:PSS,,35,Ca,,20,6.70E-04,1.70E-04,0.99,14,60,7.70
219,113,link,10.1007/s11426-016-0336-6,PTB7-Th,,,,,,,,IDT-2BR1,-5.37,-3.67,,1.61,1:1,o-DCB:CF (4:1),,15,CN,3,80,25,0,PEDOT:PSS,,35,Ca,,20,1.50E-04,3.90E-04,0.95,15.2,60,8.70
220,114,link,10.1002/aenm.201606574,PTB7-Th,,,,-5.2,-3.6,,,ATT-2,-5.5,-3.9,,1.32,1:1.8,CB,,22.4,CN,2,,25,0,MoOx,,5,ZnO,,30,5.10E-04,3.69E-04,0.73,20.75,63,9.58
221,115,link,10.1002/adma.201803769,PTB7-Th,,,,-5.2,-3.63,,,IFIC-i-2F,-5.42,-3.91,,1.34,1:1.8,CB,2000,20,_,0,120,25,0,MoOx,,4,ZnO,,,5.09E-04,2.26E-04,0.72,20.95,65,9.82
222,115,link,10.1002/adma.201803769,PTB7-Th,,,,-5.2,-3.63,,,IFIC-i-4F,-5.34,-3.96,,1.3,1:1.8,CB,2000,20,_,0,120,25,0,MoOx,,4,ZnO,,,5.36E-04,4.68E-04,0.67,22.65,66,10.10
223,115,link,10.1002/adma.201803769,PTB7-Th,,,,-5.2,-3.63,,,IFIC-i-6F,-5.31,-4,,1.27,1:1.8,CB,2000,20,_,0,120,25,0,MoOx,,4,ZnO,,,4.54E-04,7.88E-04,0.61,22,70,9.43
224,116,link,10.1021/jacs.6b08523,PTB7-Th,,,,,,,,ATT-1,-5.5,-3.63,,1.54,1:1.5,o-DCB,,25,DIO,1,130,25,0,PEDOT:PSS,,,PFN-Br,,,5.13E-04,2.40E-04,0.87,16.48,70,10.07
225,117,link,10.1021/jacs.6b00853,PDBT-T1,,,,-5.36,-3.43,,,IC-C6IDT-IC,-5.69,-3.91,,1.62,1:1,CF,3000,12,_,0,90,25,0,MoOx,,5,ZnO,,,5.10E-05,2.90E-04,0.89,15.05,65,8.71
226,118,link,10.1021/acs.chemmater.7b01335,PBDTT-6ttTPD,2.59,25.9,,-5.36,-3.51,,1.85,ITIC,-5.8,-4.21,,1.59,1:1,CF,,12,DIO,0.5,100,25,0,MoOx,,10,ZnO,,30,2.64E-04,1.03E-04,0.942,15.63,67.8,9.98
227,118,link,10.1021/acs.chemmater.7b01335,PMOT16,1.98,58.6,,-5.52,-3.66,,1.86,ITIC,-5.8,-4.21,,1.59,1:1,CF,,12,DIO,0.5,100,25,0,MoOx,,10,ZnO,,30,1.09E-03,1.23E-04,1.001,13,58.7,7.63
228,118,link,10.1021/acs.chemmater.7b01335,PBDTT-6ttTPD,2.59,25.9,,-5.36,-3.51,,1.85,IDIC,-5.92,-4.31,,1.61,1:1,CF,,12,DIO,0.5,100,25,0,MoOx,,10,ZnO,,30,5.03E-04,1.34E-04,0.822,15.93,65.5,8.58
229,118,link,10.1021/acs.chemmater.7b01335,PMOT16,1.98,58.6,,-5.52,-3.66,,1.86,IDIC,-5.92,-4.31,,1.61,1:1,CF,,12,DIO,0.5,100,25,0,MoOx,,10,ZnO,,30,9.14E-04,3.23E-04,0.925,16.13,67.3,10.04
230,119,link,10.1039/C8TA05868G,PTZP,1.69,31.33,,-5.41,-3.4,,2.01,IDIC,-5.64,-3.94,,,1:1.5,CB,,18,DIO,0.75,100,25,0,PEDOT:PSS,,,PFN-Br,,,4.51E-04,3.31E-04,0.9,17.9,73.3,11.80
231,120,link,10.1002/adma.201804215,PffBT2T-TT,,,,-5.42,-3.52,,1.63,O-IDTBR,-5.51,-3.55,,1.63,1:1.5,"1,2,4-trimethylbenzene",1350,17.5,_,0,,90,5,V2O5,,7,ZnO,,23,,,1.08,14.32,67,10.40
232,121,link,10.1002/aenm.201801609,PffBT4T-2OD,,,,,,,1.67,EH-IDTBR,,,,,1:1.5,o-xylene,,,_,0,100,100,5,MoOx,,10,ZnO,,,1.00E-03,1.00E-05,1.08,14.65,60,9.50
233,122,link,10.1016/j.orgel.2017.02.008,PTB7-Th,,,,-5.15,-3.44,,,IDT-BT-R,-5.3,-3.56,,1.69,1:1.5,o-DCB,1500,25,_,0,100,150,60,PEDOT:PSS,,40,Ca,,8,7.70E-03,1.20E-04,1.02,13.6,59.1,8.20
234,122,link,10.1016/j.orgel.2017.02.008,PTB7-Th,,,,-5.15,-3.44,,,IDT-BT-R-CN,-5.38,-3.67,,1.63,1:2,o-DCB,1600,25,_,0,100,150,60,PEDOT:PSS,,40,Ca,,8,1.30E-03,8.70E-05,0.88,12.4,50.1,5.50
235,123,link,10.1039/C8TC04608E,P3HT,,,,-5,-3.59,,,I-IDTBTRh,-5.42,-3.68,,1.89,1:0.8,CF,,,_,0,,140,,PEDOT:PSS,,,Ca,,,2.32E-06,1.15E-05,0.86,8.81,71,5.38
236,124,link,10.1002/aenm.201602269,P3HT,,,,-5,-3.1,,,BTA1,-5.51,-3.55,,1.85,1:0.6,CF,600,15,CN,0.8,,100,10,PEDOT:PSS,,,Ca,,20,1.10E-06,1.60E-05,1.02,7.34,70,5.24
237,125,link,10.1021/acsmacrolett.7b00097,P3HT,,,,-5,-3.1,,,BTA2,-5.43,-3.38,,2,0.6:1,CF,,15,DIO,0.8,,100,10,PEDOT:PSS,,,Ca,,20,4.90E-04,3.40E-04,1.22,6.15,60,4.50
238,126,link,10.1038/ncomms13651,J71,2,23.5,,-5.4,-3.24,,1.96,ITIC,-5.51,-3.84,,,1:1,CF,3000,12,_,0,100,150,10,PEDOT:PSS,,,PDINO,,10,2.08E-04,9.60E-05,0.94,17.32,69.77,11.41
239,127,link,10.1039/C5EE02477C,P3HT,,,,,,,,IDT-2BR,-5.52,-3.69,,1.69,1:0.6,o-DCB,,25,CN,3,80,25,0,PEDOT:PSS,,35,Ca,,20,2.00E-04,2.60E-04,0.84,8.91,68.1,5.12
240,128,link,10.1002/anie.201610944,PTB7-Th,,,,-5.24,-3.66,,,IEICO-4F,-5.15,-3.41,,1.24,1:1.5,CB,,25,DIO,1,100,100,10,PEDOT:PSS,,10,PFN-Br,,5,,,0.739,22.8,59.4,10.00
241,128,link,10.1002/anie.201610944,J52,,,,-5.21,-2.99,,,IEICO-4F,-5.15,-3.41,,1.24,1:1.5,CB,,25,DIO,1,100,100,10,PEDOT:PSS,,10,PFN-Br,,5,,,0.734,21.9,58.5,9.40
242,129,link,10.1002/adma.201502775,PffT2-FTAZ-2DT,,,,-5.28,-3.37,,1.91,IEIC,-5.45,-3.88,,1.57,1:1,CB,1350,6,_,0,80,90,5,V2O5,,20,ZnO,,,,,0.998,12.2,59,7.20
243,130,link,10.1016/j.dyepig.2016.12.065,PTB7-Th,,,,,,,,IEIC1,-5.44,-3.87,,1.62,10:6,o-DCB,1000,,CN,3,,25,0,PEDOT:PSS,,30,Ca,,20,1.20E-04,2.00E-04,0.84,9.9,44,3.90
244,130,link,10.1016/j.dyepig.2016.12.065,PTB7-Th,,,,,,,,IEIC2,-5.45,-3.87,,1.6,10:12,o-DCB,1000,,CN,1,,25,0,PEDOT:PSS,,30,Ca,,20,2.70E-04,4.50E-04,0.91,11.1,50,5.40
245,130,link,10.1016/j.dyepig.2016.12.065,PTB7-Th,,,,,,,,IEIC3,-5.46,-3.86,,1.6,10:15,o-DCB,1000,,CN,2,,25,0,PEDOT:PSS,,30,Ca,,20,4.50E-03,6.00E-03,0.93,12.8,58,7.40
246,130,link,10.1016/j.dyepig.2016.12.065,PTB7-Th,,,,,,,,IEIC,-5.48,-3.85,,1.61,10:15,o-DCB,1000,,_,0,,25,0,PEDOT:PSS,,30,Ca,,20,2.00E-04,2.50E-04,0.95,12.3,49,6.00
247,131,link,10.1002/adma.201602776,PBDB-T,,,,-5.33,-3.53,,,IT-M,-5.58,-3.98,,1.6,1:1,CB,,20,DIO,1,100,160,30,MoOx,,10,ZnO,,30,3.33E-04,1.10E-04,0.94,17.44,73.5,12.05
248,131,link,10.1002/adma.201602776,PBDB-T,,,,-5.33,-3.53,,,IT-DM,-5.56,-3.93,,1.62,1:1,CB,,20,DIO,1,100,160,30,MoOx,,10,ZnO,,30,2.29E-04,4.70E-05,0.97,16.48,70.6,11.29
249,132,link,10.1021/acsami.7b09915,PBDB-ST,,,,-5.37,-3.59,,1.81,ITIC-SC6,-5.68,-3.91,,1.6,1:1,o-DCB,,8,CBA,0.1,80,25,0,MoOx,,8.5,ZnO,,30,2.43E-04,2.15E-04,0.9,13.87,58,7.27
250,132,link,10.1021/acsami.7b09915,PBDB-ST,,,,-5.37,-3.59,,1.81,ITIC-SC8,-5.7,-3.9,,1.6,1:1,o-DCB,,8,CBA,0.2,80,25,0,MoOx,,8.5,ZnO,,30,3.13E-04,2.93E-04,0.9,14.43,60,7.79
251,132,link,10.1021/acsami.7b09915,PBDB-ST,,,,-5.37,-3.59,,1.81,ITIC-SC2C6,-5.74,-3.86,,1.6,1:1,o-DCB,,8,CBA,0.3,80,25,0,MoOx,,8.5,ZnO,,30,5.62E-04,5.43E-04,0.92,15.32,64,9.16
252,133,link,10.1021/jacs.6b02004,PTB7-Th,,,,-5.2,-3.56,,,ITIC-Th,-5.66,-3.93,,1.6,1:1.3,o-DCB,800,20,CN,3,120,25,0,MoOx,,5,ZnO,,,1.80E-04,3.90E-04,0.8,15.93,68,8.70
253,133,link,10.1021/jacs.6b02004,PDBT-T1,,,,-5.36,-3.43,,,ITIC-Th,-5.66,-3.93,,1.6,1:1,CF,3000,12,CN,1,100,25,0,MoOx,,5,ZnO,,,2.60E-04,3.70E-04,0.88,16.24,67.1,9.60
254,134,link,10.1038/s41560-018-0263-4,P2F-EH,2.32,20.5,47.6,-5.36,-3.04,,1.85,ITIC,-5.64,-3.89,,1.6,1:1,CF,1000,11,_,0,100,100,5,PEDOT:PSS,,40,PFNDI-Br,,,,,0.983,12.4,50.48,6.13
255,134,link,10.1038/s41560-018-0263-4,P2F-Ehp,2.49,25.5,63.5,-5.38,-3.06,,1.85,ITIC,-5.64,-3.89,,1.6,1:1,CF,1000,11,_,0,100,100,5,PEDOT:PSS,,40,PFNDI-Br,,,2.63E-05,1.42E-05,1.017,13.02,54.79,7.28
256,134,link,10.1038/s41560-018-0263-4,P2F-EO,2.42,26.4,64,-5.41,-3.08,,1.85,ITIC,-5.64,-3.89,,1.6,1:1,CF,1000,11,_,0,100,100,5,PEDOT:PSS,,40,PFNDI-Br,,,,,1.013,12.65,52.53,6.73
257,134,link,10.1038/s41560-018-0263-4,P2F-Ehp,2.49,25.5,63.5,-5.38,-3.06,,1.85,IT-F,-5.66,-3.95,,1.54,1:1,CF,1000,11,_,0,100,100,5,PEDOT:PSS,,40,PFNDI-Br,,,4.65E-05,6.40E-06,0.959,16.91,61.94,10.06
258,134,link,10.1038/s41560-018-0263-4,P2F-Ehp,2.49,25.5,63.5,-5.38,-3.06,,1.85,IT-2F,-5.64,-4.05,,1.53,1:1,CF,1000,11,_,0,100,100,5,PEDOT:PSS,,40,PFNDI-Br,,,4.76E-05,1.99E-05,0.891,19.65,74.09,12.96
259,135,link,10.1039/C6EE03489F,PB3T,,,,-5.39,-3.37,,1.96,IT-M,-5.58,-3.96,,,60:40,Anisole,,8,_,0,100,25,0,PEDOT:PSS,,,PFN-Br,,5,1.10E-04,6.50E-05,1,18.9,63,11.90
260,136,link,10.1021/acs.chemmater.7b01615,PBDB-T,,,,,,,,IT-M,,-3.98,,,1:1,CB,3000,20,DIO,1,115,100,10,MoOx,,10,EDTA-ZnO,,40,3.17E-04,2.96E-04,0.953,17.34,73.2,12.10
261,137,link,10.1002/aenm.201801601,PBDB-T,4.22,36.2,,-5.36,-3.54,,1.82,ITIC,,,,,1:1,CB,2000,20,DIO,0.5,,160,10,MoOx,,3,ZnO,,,2.01E-04,1.42E-04,0.86,18.12,64.29,10.02
262,138,link,10.1002/adfm.201705659,PBDB-T,,,,-5.33,-3.53,,,ITIC,-5.61,-4.02,,,1:1,CB,1500,,DIO,3,160,110,10,PEDOT:PSS,,30,PFN-Br,,5,,,0.896,16.55,70.73,10.54
263,138,link,10.1002/adfm.201705659,PBDB-T,,,,-5.33,-3.53,,,IT-M,-5.58,-3.98,,,1:1,CB,1500,,DIO,3,160,110,10,PEDOT:PSS,,30,PFN-Br,,5,,,0.95,16.37,74.06,11.52
264,139,link,10.1007/s11426-016-0417-9,PBDB-T,,,,,,,,DICTiF,-5.55,-3.62,,1.75,1:1.4,CF,,,DPE,0.5,,80,,PEDOT:PSS,,,PDIN,,,8.45E-05,7.46E-05,0.98,11.2,65,6.97
265,140,link,10.1002/adfm.201603820,PffBT4T-2OD,,,,-5.3,-3.7,,,BAF-4CN,-5.7,-3.6,,2.16,1:1.35,o-DCB:CB (1:1),800,,DIO,0.1304347826,300,25,0,MoOx,,10,ZnO,,40,2.90E-04,4.90E-04,0.769,15.52,70.7,8.40
266,141,link,10.1007/s40843-016-5155-2,PBDB-T,,,,,,,,DCF-2HT,-5.67,-3.72,,1.93,1:1.4,CF,,,PN,0.5,,25,0,PEDOT:PSS,,,PDIN,,,1.34E-05,4.86E-05,1.02,11.3,49.5,5.71
267,141,link,10.1007/s40843-016-5155-2,PTB7-Th,,,,,,,,DCF-2HT,-5.67,-3.72,,1.93,1:1.4,CF,,,PN,0.5,,25,0,PEDOT:PSS,,,PDIN,,,,,0.96,12.43,40.04,4.83
268,142,link,10.1002/adma.201702125,FTAZ,,,,-5.38,-3.17,,,ITIC1,-5.48,-3.84,,1.55,1:1.3,CF,,11.5,_,0,90,25,0,MoOx,,10,ZnO,,30,2.70E-03,2.00E-04,0.921,16.45,56.4,8.54
269,142,link,10.1002/adma.201702125,FTAZ,,,,-5.38,-3.17,,,ITIC2,-5.43,-3.8,,1.53,1:1.3,CF,,11.5,_,0,90,110,0,MoOx,,10,ZnO,,30,1.40E-03,4.10E-04,0.925,18.88,63,11.00
270,143,link,10.1021/jacs.7b11278,PTB7-Th,,,,-5.22,-3.64,,,BT-IC,-5.32,-3.85,,,1:1.5,CB:CF (9:1),,25,_,0,130,150,10,MoOx,,,ZnO,,25,5.10E-04,1.20E-04,0.81,17.5,59.6,8.30
271,143,link,10.1021/jacs.7b11278,PTB7-Th,,,,-5.49,-4.09,,,BT-CIC,-5.32,-3.85,,1.33,1:1.5,CB:CF (9:1),,25,_,0,130,150,10,MoOx,,,ZnO,,25,6.50E-04,2.10E-04,0.7,22.5,71,11.20
273,144,link,10.1039/C7TC04520D,FTAZ,,,,-5.38,-3.17,,,IDIC1,-5.51,-3.81,,1.67,1:1.5,CF,3000,12.5,_,0,100,25,0,MoOx,,5,ZnO,,,1.30E-04,2.00E-05,0.896,13.6,58.5,7.13
274,144,link,10.1039/C7TC04520D,FTAZ,,,,-5.38,-3.17,,,IHIC1,-5.47,-3.75,,1.69,1:1.5,CF,3000,12.5,_,0,100,25,0,MoOx,,5,ZnO,,,1.50E-04,2.60E-05,0.95,14.3,67.9,9.21
275,145,link,10.1039/C7TA05809H,PBDB-T,,,,-5.33,-2.92,,,NTIC,-5.58,-3.76,,1.67,1:0.8,CF,,9,_,0,100,25,0,PEDOT:PSS,,30,PDINO,,,1.91E-04,9.15E-05,0.935,13.55,68.1,8.63
276,145,link,10.1039/C7TA05809H,PBDB-T,,,,-5.33,-2.92,,,NTIC-Me,-5.53,-3.73,,1.74,1:0.8,CF,,9,_,0,100,25,0,PEDOT:PSS,,30,PDINO,,,7.29E-05,6.93E-05,0.963,13.93,66.2,8.30
277,145,link,10.1039/C7TA05809H,PBDB-T,,,,-5.33,-2.92,,,NTIC-OMe,-5.53,-3.7,,1.71,1:0.8,CF,,9,_,0,100,25,0,PEDOT:PSS,,30,PDINO,,,8.49E-05,7.86E-05,0.965,13.52,66,8.61
278,145,link,10.1039/C7TA05809H,PBDB-T,,,,-5.33,-2.92,,,NTIC-F,-5.52,-3.77,,1.66,1:0.8,CF,,9,_,0,100,25,0,PEDOT:PSS,,30,PDINO,,,8.00E-05,6.59E-05,0.812,15.04,66.3,8.10
279,146,link,10.1002/adfm.201704389,PffBT4T-2OD,,,,-5.34,-3.69,,1.61,FBR,-5.83,-3.7,,2.13,1:1.4,o-DCB:CB (1:1),,14,_,0,100,25,0,MoOx,,,ZnO,,40,,,1.11,12.62,50,7.04
280,147,link,https://doi.org/10.1016/j.nanoen.2019.01.039,PBT1-C,2.3,,78.5,-5.47,-3.46,,1.87,IT-4F,-5.74,-4.11,,1.53,1:1,CB,,,DIO,0.25,,25,0,MoOx,,3,ZnO,,,8.40E-04,5.00E-04,0.79,19.7,70.5,10.90
281,147,link,https://doi.org/10.1016/j.nanoen.2019.01.039,PBT1-C-2Cl,4.8,,75.8,-5.59,-3.53,,1.85,IT-4F,-5.74,-4.11,,1.53,1:1,CB,,,DIO,0.25,,25,0,MoOx,,3,ZnO,,,1.07E-03,5.40E-04,0.85,19.74,76,12.70
282,148,link,10.1002/solr.201700107,J71,,,,-5.25,-3.18,,,IT-IC,-5.58,-3.88,,1.59,1:1.2,CF,1500,16,_,0,130,25,0,PEDOT:PSS,,,PDINO,,10,,,0.96,14.8,63.6,9.30
283,148,link,10.1002/solr.201700107,J71,,,,-5.25,-3.18,,,BDT-IC,-5.51,-3.9,,1.53,1:1.2,CF,1500,16,_,0,130,25,0,PEDOT:PSS,,,PDINO,,10,1.13E-04,1.90E-04,0.92,17.3,65.5,10.90
284,149,link,10.1007/s11426-018-9260-2,PBDB-TF,2.36,26.8,63.3,-5.47,-3.67,,1.8,IT-4F,,,,,1:1,CB,,20,_,0,100,100,10,PEDOT:PSS,,30,PFN-Br,,,,,0.86,20.8,76,13.59
285,149,link,10.1007/s11426-018-9260-2,PBDB-TF,2.36,26.8,63.3,-5.47,-3.67,,1.8,IT-4Cl,-5.75,-4.09,,1.66,1:1,CF,,14,_,0,100,100,10,PEDOT:PSS,,30,PFN-Br,,,,,0.78,22.25,73,12.67
286,149,link,10.1007/s11426-018-9260-2,PBDB-T-2Cl,2.5,25.5,63.7,-5.51,-3.71,,1.8,IT-4F,,,,,1:1,CB,,20,_,0,100,100,10,PEDOT:PSS,,30,PFN-Br,,,,,0.89,20.58,78,14.29
287,149,link,10.1007/s11426-018-9260-2,PBDB-T-2Cl,2.5,25.5,63.7,-5.51,-3.71,,1.8,IT-4Cl,-5.75,-4.09,,1.66,1:1,CF,,14,_,0,100,100,10,PEDOT:PSS,,30,PFN-Br,,,,,0.81,22.01,74,13.37
288,150,link,10.1021/jacs.8b02695,P1_PDTB-EF-T,2.6,25.7,,-5.51,-3.59,,1.93,IT-4F,-5.66,-4.14,,1.52,1:1,CB,2000,18,DIO,0.5,,25,0,PEDOT:PSS,,10,PFN-Br,,,1.51E-04,4.12E-04,0.896,20.05,64,11.50
289,150,link,10.1021/jacs.8b02695,P2_PDTB-EF-T,4.1,39.9,,-5.5,-3.59,,1.93,IT-4F,-5.66,-4.14,,1.52,1:1,CB,2000,18,DIO,0.5,100,150,10,MoOx,,10,ZnO,,30,3.46E-04,3.95E-04,0.9,20.74,76,14.20
290,150,link,10.1021/jacs.8b02695,P3_PDTB-EF-T,5.2,37.2,,-5.54,-3.6,,1.94,IT-4F,-5.66,-4.14,,1.52,1:1,CB,2000,18,DIO,0.5,,25,0,PEDOT:PSS,,10,PFN-Br,,,6.32E-05,2.35E-04,0.904,20.31,61,11.20
291,151,link,10.1007/s11426-018-9334-9,PBDB-T-SF,,,,-5.42,-3.64,,,NCBDT-4Cl,-5.6,-4.02,,1.4,1:1,CF,,,DIO,0.2,110,110,,PEDOT:PSS,,,PDINO,,,2.25E-04,1.85E-04,0.851,22.35,74.3,14.10
292,152,link,10.1016/j.joule.2019.01.004,PBDB-TF,,49,,-5.56,-3.5,,,Y6,-5.65,-4.1,,1.81,1:1.2,CF,3000,16,CN,0.5,150,110,10,PEDOT:PSS,,40,PDINO,,15,2.00E-04,5.90E-04,0.83,25.3,74.8,15.70
293,153,link,10.1002/adfm.201705095,PBDB-T,,,,,,,1.6,ITC6-IC,-5.73,-3.92,,1.6,1:1,CB,,12.5,_,0,110,125,10,MoOx,,10,ZnO,,,2.63E-04,1.93E-04,0.97,16.41,73,11.61
294,154,link,10.1039/C8EE02560F,J71,,,,,,,,ITC6-IC,,,,,,CF,,12,_,0,93,,,PEDOT:PSS,,40,PDINO,,,5.00E-04,,0.938,18.35,65.77,11.32
558,154,link,10.1039/C8EE02560F,PTQ10,,,,,,,,IDIC,,,,,,CF,,12,_,0,112,,,PEDOT:PSS,,40,PDINO,,,7.23E-03,,0.943,18.75,69.66,12.32
559,154,link,10.1039/C8EE02560F,J71,,,,,,,,MeIC,,,,,,CF,,12,_,0,103,,,PEDOT:PSS,,40,PDINO,,,5.56E-04,,0.919,17.77,69.89,11.43
560,154,link,10.1039/C8EE02560F,J71,,,,,,,,ITCPTC,,,,,,CF,,12,_,0,90,,,PEDOT:PSS,,40,PDINO,,,2.22E-04,,0.881,17.46,67.96,10.46
561,154,link,10.1039/C8EE02560F,J71,,,,,,,,ITIC,,,,,,CF,,12,_,0,102,,,PEDOT:PSS,,40,PDINO,,,2.09E-04,,0.93,18.06,65.75,10.95
295,155,link,10.1016/j.nanoen.2018.11.067,PBDB-TF,,,,-5.5,-3.75,,,IT-4F,-5.64,-4.06,,,1:1,CB,,20,DIO,0.5,100,25,0,PEDOT:PSS,,40,PFN-Br,,,2.26E-04,6.27E-05,0.86,20.8,74.5,13.37
296,155,link,10.1016/j.nanoen.2018.11.067,PBDB-TF,,,,-5.5,-3.75,,,ITIC,-5.62,-3.87,,,1:1,CB,,20,DIO,0.5,100,25,0,PEDOT:PSS,,40,PFN-Br,,,1.14E-04,2.32E-04,1,16.1,66.07,10.64
297,156,link,10.1002/marc.201800393,PBDB-T,,,,-5.33,-3.16,,,ATT-6,-5.45,-3.61,,1.53,1:1,CF,,15,_,0,,160,10,PEDOT:PSS,,30,PDINO,,30,5.37E-05,2.44E-05,0.96,14.66,59.37,8.22
298,156,link,10.1002/marc.201800393,PBDB-T,,,,-5.33,-3.16,,,ATT-7,-5.48,-3.66,,1.54,1:1,CF,,15,_,0,,160,10,PEDOT:PSS,,30,PDINO,,30,7.25E-05,5.35E-05,0.97,15.99,66.67,10.12
299,157,link,10.1038/s41467-019-08386-9,PBDB-T,,,,-5.39,-3.5,,,Y1,-5.45,-3.95,,1.44,1:1,CB,3000,16,CN,0.8,100,25,0,MoOx,,15,ZnO,,30,1.56E-03,3.04E-04,0.87,22.44,69.1,13.42
300,157,link,10.1038/s41467-019-08386-9,PBDB-T,,,,-5.39,-3.5,,,Y2,-5.43,-4.04,,1.4,1:1,CB,3000,16,CN,0.8,100,25,0,MoOx,,15,ZnO,,30,2.59E-03,2.08E-04,0.82,23.56,69.4,13.40
301,158,link,10.1021/acs.chemmater.8b04087,PBDB-T,,,,-5.26,-3.63,,,BDTS-4Cl,-5.45,-3.82,,1.46,1:1,CF,,,_,0,110,25,0,PEDOT:PSS,,15,PDINO,,,2.74E-04,7.80E-05,0.83,9.8,45.9,3.73
302,158,link,10.1021/acs.chemmater.8b04087,PBDB-T,,,,-5.26,-3.63,,,BDTC-4Cl,-5.35,-3.75,,1.42,1:1,CF,,,_,0,110,25,0,PEDOT:PSS,,15,PDINO,,,1.47E-04,1.06E-04,0.864,18.56,59.5,9.54
303,159,link,10.1002/aenm.201802686,PTBB-o,2,22.4,,-5.52,-3.37,,1.89,ITCPTC,-5.62,-3.96,,,1:1,CF,2500,16,_,0,110,100,5,MoOx,,5,ZnO,,,5.38E-05,2.09E-04,0.99,7.35,30.5,2.14
304,159,link,10.1002/aenm.201802686,PTBB-m,1.8,24.6,,-5.48,-3.42,,1.88,ITCPTC,-5.62,-3.96,,,1:1,CF,2500,16,_,0,110,100,5,MoOx,,5,ZnO,,,2.28E-04,2.15E-04,0.97,15.04,48.4,7.07
305,159,link,10.1002/aenm.201802686,PTBB-p,1.9,37,,-5.41,-3.49,,1.84,ITCPTC,-5.62,-3.96,,,1:1,CF,2500,16,_,0,110,100,5,MoOx,,5,ZnO,,,1.15E-04,2.54E-04,0.91,15.7,50.9,7.26
306,160,link,10.1039/C8TA12224E,PBDS-TZ,1.91,37.3,,-5.41,-3.46,,1.95,IT-4F,-5.66,-4.14,,,1:1,CB,1000,16,DIO,0.25,,90,20,MoOx,,7,ZnO,,,5.01E-04,2.71E-04,0.804,20.05,73.1,12.01
307,161,link,10.1002/solr.201800332,J71,,,,,,,,BTA701,-5.27,-2.83,,2.1,1:1,CF,,,_,0,,120,,PEDOT:PSS,,,Ca,,20,1.69E-07,2.53E-08,1.32,0.21,25,0.07
308,161,link,10.1002/solr.201800332,J71,,,,,,,,BTA3,-5.49,-3.61,,1.76,1:1,CF,,,_,0,,150,,PEDOT:PSS,,,Ca,,20,4.64E-04,8.23E-04,1.2,10.39,69,8.60
309,161,link,10.1002/solr.201800332,J71,,,,,,,,BTA703,-5.5,-3.9,,1.5,1:0.5,CF,,,_,0,,120,,PEDOT:PSS,,,Ca,,20,6.15E-07,1.06E-07,0.85,3.56,40,1.21
310,162,link,10.1002/chem.201900296,PTB7-Th,,,,-5.25,-3.59,,,Py-1,-5.79,-3.76,,1.95,1:1.5,CF,1500,10,_,0,100,25,0,MoOx,,10,ZnO,,20,1.02E-03,1.06E-04,0.74,12.09,65,5.88
311,162,link,10.1002/chem.201900296,PTB7-Th,,,,-5.25,-3.59,,,Py-2,-5.83,-3.78,,1.97,1:1,CF,1500,10,_,0,100,25,0,MoOx,,10,ZnO,,20,9.00E-04,1.90E-05,0.75,9.67,47,3.47
312,163,link,10.1021/acs.chemmater.8b04265,PBB-T,2.52,107,,-5.4,-3.3,,2.1,ITIC-F,-5.69,-4.14,,1.55,1:1.2,CB,,15.4,_,0,100,150,,PEDOT:PSS,,30,PDINO,,,1.93E-04,1.74E-04,0.91,20.9,70,13.30
313,164,link,10.1039/C8QM00610E,PFBDB-T,2.6,26,,-5.47,-3.46,,1.77,C8-ITIC,-5.63,-3.91,,1.55,1:1.25,CB,2000,20,_,0,,25,0,MoOx,,10,ZnO,,,,,0.93,19.59,69,12.50
314,165,link,10.1039/C8TC05318A,P_TBTT-BTT,,,,-5.15,-3.58,,1.57,ICz-Rd2,-5.59,-3.88,,1.71,1:1,CF,2500,15,_,0,90,40,10,PEDOT:PSS,,,PFN,,,,,1.04,14.04,54,7.88
315,165,link,10.1039/C8TC05318A,P_TBTT-BTT,,,,-5.15,-3.58,,1.57,ICz-RdCN2,-5.58,-3.98,,1.61,1:1,CF,2500,15,_,0,90,40,10,PEDOT:PSS,,,PFN,,,,,1.01,15.58,62,9.76
316,166,link,10.1039/C8TA10662B,PBZ,1.86,19.9,39,-5.18,-3.22,,1.94,IT-4F,-5.69,-4.07,,1.5,1:1,Toluene,,20,PN,1,,25,0,MoOx,,10,ZnO,,30,1.20E-04,1.20E-05,0.6,17,63.2,6.40
317,166,link,10.1039/C8TA10662B,PBZ-Cl,2.1,16.2,34,-5.39,-3.41,,1.94,IT-4F,-5.69,-4.07,,1.5,1:1,Toluene,,20,PN,1,,25,0,MoOx,,10,ZnO,,30,1.91E-04,1.16E-04,0.8,17.7,68.3,9.70
318,166,link,10.1039/C8TA10662B,PBZ-ClSi,1.81,23.8,43,-5.56,-3.5,,1.94,IT-4F,-5.69,-4.07,,1.5,1:1,Toluene,,20,PN,1,100,25,0,MoOx,,10,ZnO,,30,2.57E-04,2.11E-04,0.93,19.2,71.5,12.80
319,167,link,10.1021/acsami.8b16628,PT1,2,16.2,32.5,-5.46,-3.59,,1.87,ITIC,-5.6,-4.05,,,1:1.5,CB,2000,20,_,0,100,25,0,MoOx,,10,ZnO,,,2.18E-06,3.48E-06,0.95,5.77,39,2.13
320,167,link,10.1021/acsami.8b16628,PT2,2.5,66.4,169.5,-5.35,-3.58,,1.77,ITIC,-5.6,-4.05,,,1:1.5,CB,2000,20,_,0,100,25,0,MoOx,,10,ZnO,,,1.17E-05,3.43E-06,0.84,16.33,64,9.00
321,167,link,10.1021/acsami.8b16628,PT3,2.3,66.6,153.2,-5.37,-3.54,,1.83,ITIC,-5.6,-4.05,,,1:1.5,CB,2000,20,_,0,100,25,0,MoOx,,10,ZnO,,,2.83E-05,4.35E-06,0.88,15.52,68,9.21
322,168,link,10.1039/C8QM00609A,PBDB-T,,,,-5.33,-3.53,,,DF-TCIC,-5.37,-3.76,,1.66,1:1.2,CF,3500,15,CN,0.5,100,140,30,MoOx,,8,PFN,,,8.91E-05,7.12E-06,0.86,16.39,58,8.23
323,168,link,10.1039/C8QM00609A,PBDB-T,,,,-5.33,-3.53,,,HF-TCIC,-5.43,-3.83,,1.44,1:1.2,CF,3500,15,CN,0.5,100,120,30,MoOx,,8,PFN,,,8.33E-05,1.53E-05,0.76,20.04,65,9.86
324,169,link,10.1039/C8TA11059J,BO2FC8,2.3,31.5,71.2,-5.5,-3.6,,1.77,m-ITIC-OR-4Cl,-5.78,-4.05,,1.52,1:1.5,CB,,15,_,0,100,150,10,MoOx,,10,ZnO,,40,3.00E-03,2.50E-03,0.83,20.2,63.3,11.00
325,169,link,10.1039/C8TA11059J,BO2FEH,2.1,25.2,53.6,-5.59,-3.59,,1.8,m-ITIC-OR-4Cl,-5.78,-4.05,,1.52,1:1.5,CB,,15,_,0,100,150,10,MoOx,,10,ZnO,,40,2.70E-03,1.80E-03,0.88,14.4,48.5,6.40
326,170,link,10.1039/C8TA10882J,PTB-EDOT,2.2,28.7,,-5.33,-3.63,,1.57,ITIC-Th,-5.66,-3.93,,,1:1.5,MeTHF,2000,16,_,0,100,100,5,MoOx,,10,ZnO,,30,1.25E-04,2.43E-04,0.84,15.37,66.5,8.59
327,170,link,10.1039/C8TA10882J,PTB-EDOTS,2.4,31.5,,-5.38,-3.69,,1.55,ITIC-Th,-5.66,-3.93,,,1:1.5,MeTHF,2000,16,_,0,100,100,5,MoOx,,10,ZnO,,30,2.35E-04,3.56E-04,0.88,16.25,71.2,10.18
328,171,link,10.1039/C8TA11006A,POPB,2.5,22.9,51.7,-5.38,-3.57,,1.81,IT-4F,-5.69,-4.07,,,1:1.5,CB,,20,DIO,0.5,,25,0,MoOx,,10,ZnO,,,3.15E-04,1.86E-04,0.72,16.8,51.2,6.20
329,171,link,10.1039/C8TA11006A,PFOPB,1.96,28.5,54.2,-5.5,-3.64,,1.86,IT-4F,-5.69,-4.07,,,1:1.5,CB,,20,DIO,0.5,,25,0,MoOx,,10,ZnO,,,4.43E-04,3.46E-04,0.89,20.4,64.5,11.70
330,172,link,10.1039/C8NJ04896G,P3HT,,,,-5,-3.1,,,BIBT-NI,-5.62,-3.65,,2.04,1:1.2,o-DCB,,28,_,0,90,110,,MoOx,,10,ZnO,,40,4.19E-04,3.34E-06,0.77,6.14,44.2,2.10
331,173,link,10.1002/marc.201800906,PBDT-F-2TC,2.6,67.5,176.7,-5.55,-3.58,,1.97,IT-4F,-5.68,-4.13,,,1:1,CB,,,_,0,100,110,10,PEDOT:PSS,,,PFN-Br,,,3.93E-04,5.96E-04,0.91,18.9,62.51,10.75
332,173,link,10.1002/marc.201800906,PBDT-SF-2TC,2.5,37.8,97.1,-5.57,-3.59,,1.98,IT-4F,-5.68,-4.13,,,1:1,CB,,,_,0,100,110,10,PEDOT:PSS,,,PFN-Br,,,4.06E-04,5.27E-04,0.93,20.73,57.45,11.07
333,174,link,10.1039/C8TA11004B,PDBT-F,1.52,,93,-5.39,-3.57,,1.81,IT-M,-5.51,-3.91,,,1:1,CF,2400,,DIO,0.5,,100,10,PEDOT:PSS,,,PFN-Br,,,,,0.97,17.02,63.71,10.52
334,174,link,10.1039/C8TA11004B,PDBT-F,1.52,,93,-5.39,-3.57,,1.81,IDIC,-5.69,-3.91,,,1:1,CF,2400,,DIO,0.25,,100,10,PEDOT:PSS,,,PFN-Br,,,,,0.87,17.65,71.5,11.02
335,175,link,10.1039/C9TA00114J,PBDS-T,,,,-5.35,-3.67,,1.82,ITIC,-5.5,-3.89,,,1.2:1,CB,,20,DIO,0.5,100,25,0,MoOx,,7,ZnO,,,1.30E-04,3.60E-04,0.98,18.23,60,10.72
336,175,link,10.1039/C9TA00114J,PBDS-T,,,,-5.35,-3.67,,1.82,ITIC-F,-5.6,-4.01,,1.55,1:1,CB,,20,DIO,0.5,150,25,0,MoOx,,7,ZnO,,,8.60E-04,7.50E-04,0.9,18.64,66.7,11.19
337,175,link,10.1039/C9TA00114J,PBDS-T,,,,-5.35,-3.67,,1.82,ITIC-Th1,-5.7,-4.12,,1.53,1:1,CB,,20,DIO,0.5,150,25,0,MoOx,,7,ZnO,,,8.90E-03,9.80E-03,0.88,19.55,70,12.04
338,176,link,10.1021/acs.chemmater.8b05327,J71,,,,-5.4,-3.24,,,IT-DM,-5.58,-3.82,,1.63,1:1,CF,2000,16,_,0,,100,5,PEDOT:PSS,,40,ZrAcAc,,,8.07E-04,4.13E-04,1.015,16.74,70.9,12.05
339,176,link,10.1021/acs.chemmater.8b05327,J71,,,,-5.4,-3.24,,,ITCF,-5.59,-3.95,,1.57,1:1,CF,2000,16,_,0,,100,5,PEDOT:PSS,,40,ZrAcAc,,,8.38E-04,5.32E-04,0.91,18.48,78.8,13.25
340,176,link,10.1021/acs.chemmater.8b05327,J71,,,,-5.4,-3.24,,,IT-4F,-5.63,-4.06,,1.54,1:1,CF,2000,16,_,0,,100,5,PEDOT:PSS,,40,ZrAcAc,,,8.81E-04,4.89E-04,0.803,19.58,74.2,11.66
341,177,link,10.1039/C8TA07544A,PTBFeh-BDD,1.63,62.7,,-5.26,-3.46,,1.8,ITIC,-5.56,-3.92,,,,,,,_,0,,25,0,PEDOT:PSS,,,,,,2.21E-04,2.86E-04,0.893,17.76,70.16,11.13
342,177,link,10.1039/C8TA07544A,PTBFSdo-BDD,1.91,38.5,,-5.31,-3.56,,1.75,ITIC,-5.56,-3.92,,,,,,,_,0,,25,0,PEDOT:PSS,,,,,,1.08E-04,2.37E-04,0.928,17.24,66.1,10.57
343,177,link,10.1039/C8TA07544A,PTBFSeh-BDD,1.58,52.3,,-5.32,-3.57,,1.75,ITIC,-5.56,-3.92,,,,,,,_,0,,25,0,PEDOT:PSS,,,,,,9.50E-05,2.63E-04,0.935,17.06,64.08,10.23
344,178,link,10.1021/acs.macromol.8b02360,2TC-TT-BDTFT,2,126,,-5.45,-3.5,,1.95,m-ITIC,-5.52,-3.83,,,1:1,o-DCB,,16,_,0,100,120,5,PEDOT:PSS,,30,PDINO,,,5.40E-04,3.80E-04,1.06,15.25,59.31,9.65
345,178,link,10.1021/acs.macromol.8b02360,2T-TTC-BDTFT,1.9,113,,-5.41,-3.53,,1.88,m-ITIC,-5.52,-3.83,,,1:1,o-DCB,,16,_,0,125,120,5,PEDOT:PSS,,30,PDINO,,,7.70E-04,5.20E-04,0.97,16.57,69.37,11.15
346,179,link,10.1039/C8TA11484F,PTB7-Th,,,,-5.3,-3.33,,,ACS8,-5.54,-4.05,,1.3,1:2,Toluene,,20,_,0,115,25,0,MoOx,,8,PFN,,30,1.47E-04,1.30E-04,0.75,22.5,58.8,9.90
347,180,link,10.1002/solr.201800291,PB24-3TDC,1.68,87.7,,-5.36,-3.58,,1.91,ITIC-Th,-5.66,-3.93,,,1:1.5,CB,,,DIO,0.3,,25,0,PEDOT:PSS,,,C60-bissalt,,,,,0.902,16.8,68,10.30
348,180,link,10.1002/solr.201800291,PB68-3TDC,1.94,35,,-5.41,-3.57,,1.92,ITIC-Th,-5.66,-3.93,,,1:1.5,CB,,,DIO,0.3,,25,0,PEDOT:PSS,,,C60-bissalt,,,,,0.994,12.2,65,7.88
349,181,link,10.1016/j.dyepig.2018.11.027,PBDB-T,,,,-5.33,-2.92,,,IDNO-IDT,-5.45,-3.65,,1.95,1:1,CB,,20,_,0,,140,10,PEDOT:PSS,,,Ca,,,3.18E-04,2.35E-07,1.03,2.65,34.47,1.10
350,181,link,10.1016/j.dyepig.2018.11.027,PBDB-T,,,,-5.33,-2.92,,,IM1-IDT,-5.46,-4.02,,1.48,1:1.5,CB,,20,_,0,,140,10,PEDOT:PSS,,,Ca,,,6.55E-05,8.37E-07,0.55,5.07,47.41,1.62
351,181,link,10.1016/j.dyepig.2018.11.027,PBDB-T,,,,-5.33,-2.92,,,ITAN-IDT,-5.42,-3.69,,1.68,1.5:1,CB,,20,_,0,,140,10,PEDOT:PSS,,,Ca,,,7.33E-05,1.00E-06,1.18,3.71,39.19,2.00
352,182,link,10.1007/s11426-018-9408-7,PBDT-3TCO,2.1,18.9,,-5.5,-3.24,,1.85,IT-4F,,,,,1:1,CB,,10,DIO,0.5,95,25,0,PEDOT:PSS,,,PFN-Br,,,1.89E-04,1.16E-04,0.88,20.96,62.7,11.52
353,182,link,10.1007/s11426-018-9408-7,PBDT-3T,1.7,21.9,,-5.48,-3.21,,1.99,IT-4F,,,,,1:1.5,CB,,10,DIO,0.5,95,25,0,PEDOT:PSS,,,PFN-Br,,,9.50E-07,2.63E-06,0.85,3.89,30.43,1.00
354,183,link,10.1039/C7TA10957A,PTB7-Th,,,,-5.22,-3.64,,,NFDTS,-5.36,-3.92,,1.41,1:1.2,CF,,20,_,0,100,25,0,PEDOT:PSS,,30,PFN-Br,,5,7.21E-05,3.94E-06,0.67,18.77,48.9,6.15
355,183,link,10.1039/C7TA10957A,PTB7-Th,,,,-5.22,-3.64,,,NFDTSB,-5.56,-3.85,,1.4,1:1,CF,,20,_,0,100,25,0,PEDOT:PSS,,30,PFN-Br,,5,1.58E-04,9.30E-05,0.75,20.14,63.6,9.60
356,184,link,10.1002/aenm.201801387,PBTIBDTT,,,,-5.47,-3.6,,1.87,ITIC-F,-5.64,-4.03,,1.61,1:1,CB,1700,16,_,0,120,25,0,PEDOT:PSS,,30,ZnO,,,1.73E-04,2.08E-04,0.921,16.4,74.1,11.19
357,185,link,10.3389/fchem.2018.00427,PBDB-T,,,,-5.33,-2.92,,,DTNIF,-5.82,-3.92,,1.63,1:1,CB,,18,_,0,,25,0,MoOx,,10,ZnO,,30,1.87E-05,1.79E-05,0.9,13.26,72.77,8.73
358,185,link,10.3389/fchem.2018.00427,PBDB-T,,,,-5.33,-2.92,,,DTNSF,-5.52,-4,,1.47,1:1,CB,,18,_,0,,25,0,MoOx,,10,ZnO,,30,1.35E-05,6.70E-06,0.92,14.49,54.62,7.15
359,186,link,10.1039/C8TC04883E,PBTIBDTT,2.06,44,,-5.47,-3.6,,1.87,Si4TIC-F,-5.58,-4.21,,1.37,1:1.5,CB,2000,12.5,CN,0.5,130,25,0,PEDOT:PSS,,30,PDIN,,,2.00E-04,1.23E-04,0.78,18.84,69.4,10.20
360,187,link,10.1002/cjoc.201800015,PDCBT-2F,,,,-5.6,-3.67,,1.93,IT-4F,-5.67,-4.16,,1.54,1:1,CF,,16,DIO,0.5,95,25,0,MoOx,,10,ZnO,,,1.00E-04,1.20E-04,0.92,17.8,69,11.60
361,188,link,10.1021/acsami.8b04541,PTB7-Th,,,,,,,,IDT-FBTR,-5.47,-3.65,,1.67,1.5:1,o-DCB,,20,_,0,,25,0,MoOx,,3,ZnO,,30,3.10E-04,6.80E-05,1.02,12.95,52.97,7.01
362,189,link,10.1039/C8TA05207G,PBT-F,1.83,14.7,,-5.39,-3.65,,1.77,IT-4F,-5.66,-4.14,,,1:1,,,,NMP,1,95,25,0,PEDOT:PSS,,,PFN-Br,,,1.29E-04,7.67E-05,0.78,21.57,54.5,9.14
363,189,link,10.1039/C8TA05207G,PBT-SF,3.02,12.5,,-5.46,-3.58,,1.76,IT-4F,-5.66,-4.14,,,1:1.5,,,,NMP,1,80,25,0,PEDOT:PSS,,,PFN-Br,,,2.36E-04,1.18E-04,0.8,21.53,60.6,10.51
364,190,link,10.1002/solr.201800129,PBT1-C,2.1,38.3,,-5.46,-3.4,,1.83,ITCPTC,-5.62,-3.96,,,1:1,CF,2000,16,_,0,110,100,5,PEDOT:PSS,,,ZrAcAc,,,1.40E-03,2.30E-03,0.94,17.2,79,12.80
365,191,link,10.3389/fchem.2018.00303,PTZPF,2.2,13.2,29.04,-5.41,-3.42,,2,BT-IC,-5.55,-3.88,,1.43,1:1,CB,,,CN,0.5,100,120,10,PEDOT:PSS,,30,PFN-Br,,5,,,0.93,12.27,49,5.63
366,191,link,10.3389/fchem.2018.00303,PTZPF,2.2,13.2,29.04,-5.41,-3.42,,2,BT-F,-5.57,-3.97,,1.42,1:1,CB,,,CN,0.5,100,120,10,PEDOT:PSS,,30,PFN-Br,,5,,,0.88,16.64,49,7.27
367,191,link,10.3389/fchem.2018.00303,PTZPF,2.2,13.2,29.04,-5.41,-3.42,,2,BT-2F,-5.6,-4,,1.41,1:1,CB,,,CN,0.5,100,120,10,PEDOT:PSS,,30,PFN-Br,,5,,,0.84,19.29,53,8.54
368,192,link,10.1021/acsami.8b10312,P3HT,,,,-5,-3.1,,,BT3,-5.53,-3.79,,1.59,1:0.3,CF,,,_,0,,120,,PEDOT:PSS,,,Ca,,20,4.79E-07,1.25E-06,0.72,5.81,61,2.55
369,192,link,10.1021/acsami.8b10312,P3HT,,,,-5,-3.1,,,BTA3,-5.34,-3.28,,1.76,1:0.5,CF,,,_,0,,130,,PEDOT:PSS,,,Ca,,20,1.60E-06,1.75E-04,0.9,9.64,65,5.64
370,193,link,10.1021/acsami.8b00216,P3HT,,,,-5,-3.1,,,Qx1,-5.42,-3.6,,1.74,1:0.6,o-DCB,,,CN,1,,100,10,PEDOT:PSS,,,Ca,,20,5.20E-07,7.50E-07,1,6.02,67,4.03
371,193,link,10.1021/acsami.8b00216,P3HT,,,,-5,-3.1,,,Qx1b,-5.35,-3.66,,1.68,0.8:1,o-DCB,,,CN,0.5,,100,10,PEDOT:PSS,,,Ca,,20,3.30E-05,1.10E-05,0.95,7.34,69,4.81
372,194,link,10.1039/C7TA07501D,PTZ1,,,,-5.31,-3.34,,1.97,ITIC,,,,,1:1.5,,,,_,0,90,110,10,MoOx,,10,ZnO,,30,9.66E-05,5.20E-05,1,14.04,65.5,9.25
373,195,correct link,10.1002/cjoc.201700792,P3HT,,,,-5,-3.1,,,BTA21,-5.76,-3.56,,2.19,1:1,CF,,,_,0,,100,,PEDOT:PSS,,,Ca,,20,,,1.07,5.35,43,2.46
374,195,link,10.1002/cjoc.201700792,P3HT,,,,-5,-3.1,,,BTA23,-5.7,-3.57,,2.15,1:1,CF,,,_,0,,120,,PEDOT:PSS,,,Ca,,20,1.17E-07,1.02E-06,0.9,3.98,52,1.86
375,195,link,10.1002/cjoc.201700792,P3HT,,,,-5,-3.1,,,BTA27,-6.08,-3.81,,2.21,1:1,CF,,,_,0,,100,,PEDOT:PSS,,,Ca,,20,3.00E-04,2.16E-07,0.6,2.89,36,0.62
376,196,link,10.1039/C7TC04750A,PBDTTz-BP,2.31,35,80.85,-5.25,-3.49,,1.93,ITIC,-5.48,-3.83,,,1:1,CB,,19.5,_,0,100,25,0,PEDOT:PSS,,30,Ca,,10,1.32E-04,3.80E-05,0.81,17.7,56,8.03
377,196,link,10.1039/C7TC04750A,PBDTTz-N,3.53,27,95.31,-5.23,-3.52,,1.95,ITIC,-5.48,-3.83,,,1:1,CB,,19.5,_,0,100,25,0,PEDOT:PSS,,30,Ca,,10,1.25E-05,3.41E-04,0.75,18,49,6.61
378,197,link,10.1002/aenm.201702870,PBDB-T,,,,-5.18,-3.38,,,F-H,-5.42,-3.79,,1.63,1:1.2,,,,,,,,,PEDOT:PSS,,40,PDINO,,,3.37E-05,2.40E-05,0.94,15.02,67,9.59
379,197,link,10.1002/aenm.201702870,PBDB-T,,,,-5.18,-3.38,,,F-F,-5.72,-4.13,,1.59,1:1.2,CB,,,DIO,0.3,150,25,0,PEDOT:PSS,,40,PDINO,,,3.39E-04,1.03E-04,0.88,17.36,71,10.85
380,197,link,10.1002/aenm.201702870,PBDB-T,,,,-5.18,-3.38,,,F-Cl,-5.62,-4.04,,1.58,1:1,CB,,,DIO,0.1,150,25,0,PEDOT:PSS,,40,PDINO,,,3.63E-04,1.15E-04,0.87,17.61,75,11.47
381,197,link,10.1002/aenm.201702870,PBDB-T,,,,-5.18,-3.38,,,F-Br,-5.62,-4.06,,1.56,1:1,CB,,,DIO,0.3,150,25,0,PEDOT:PSS,,40,PDINO,,,3.71E-04,1.48E-04,0.87,18.22,76,12.05
382,198,link,10.1039/C8QM00318A,PBDB-T,,,,-5.33,-3.53,,,DF-PCNC,-5.42,-3.81,,1.54,1:1.2,CF,2000,20,CN,1.2,100,100,10,MoOx,,10,ZnO,,,6.51E-04,1.97E-04,0.86,18.16,72.62,11.63
383,198,link,10.1039/C8QM00318A,PBDB-T,,,,-5.33,-3.53,,,DF-PCIC,-5.49,-3.77,,1.59,1:1.2,CF,,20,CN,0.5,100,130,10,MoOx,,10,ZnO,,,1.28E-04,2.60E-05,0.91,15.66,72.07,10.14
384,199,link,10.1039/C7TA10391C,PTB7-Th,,,,-5.22,-3.64,,1.58,ITCC,-5.62,-3.92,,,1:1.2,CF,,15,DIO,0.1,110,80,10,MoOx,-5.4,10,ZnO/PFN,-4.4,30,4.37E-04,3.91E-04,0.95,15.13,72,10.42
385,199,correct link,10.1002/adma.201404317,PTB7-Th,,,,-5.22,-3.64,,1.58,ITIC,-5.48,-3.83,,,1:1.3,CF,1000,25,_,0,100,25,0,PEDOT:PSS,,30,PDIN,,14,4.30E-05,1.10E-04,0.81,14.21,59,6.80
386,199,link,10.1039/C7TA10391C,PTB7-Th,,,,-5.22,-3.64,,1.58,IDIC,-5.69,-3.91,,,1:1,CF,3000,12,_,0,100,25,0,MoOx,,5,ZnO,,,2.10E-05,1.70E-04,0.81,10.9,56,5.24
387,199,link,10.1039/C7TA10391C,PTB7-Th,,,,-5.22,-3.64,,1.58,IEICO-4F,-5.44,-4.19,,1.24,1:1.5,CB,,25,_,0,100,100,10,PEDOT:PSS,,10,PFN-Br,,5,,,0.74,22.8,59,10.00
388,199,link,10.1039/C7TA10391C,PTB7-Th,,,,-5.22,-3.64,,1.58,SFBRCN,-5.93,-3.86,,2.05,1:1.2,CB,2000,22,DIO,0.75,100,25,0,MoOx,,10,ZnO,,30,1.50E-04,2.20E-04,0.9,17.25,65,10.12
389,200,link,10.1038/s41467-018-03207-x,PTQ10,2.1,39.1,82.11,-5.54,-2.98,,1.92,IDIC,-5.74,-3.9,,,1:1,CF,3500,,_,0,130,140,5,PEDOT:PSS,-5.1,,PDINO,-3.63,10,5.04E-04,6.72E-04,0.969,17.81,73.6,12.70
390,201,link,10.1002/adfm.201802895,PBDB-T,1.7109375,128,219,-5.33,-3.29,,,IDTIC,-5.85,-3.89,,1.68,1:1,CB,,20,_,0,150,25,0,MoOx,,10,ZnO/PFN-Br,,50,2.56E-04,5.51E-05,0.84,12.7,56.3,5.67
391,201,link,10.1002/adfm.201802895,PBDB-T,1.7109375,128,219,-5.33,-3.29,,,IDTTIC,-5.68,-3.84,,1.51,1:1,CB,,20,_,0,146,25,0,MoOx,,10,ZnO/PFN-Br,,50,3.38E-04,1.15E-04,0.919,17.3,70.4,11.20
392,202,link,10.1002/aelm.201700358,PTB7-Th,,,,,,,,ITIC,,,,,1:1.2,CB,1500,20,_,0,90,25,0,MoOx,,5,ZnO,,35,,,0.822,14,66.2,7.62
393,203,link,10.1039/C8QM00223A,P3HT,,,,-4.87,-2.97,,,DTFBR,-5.54,-3.68,,1.74,1:1,o-DCB,,15,_,0,110,100,10,PEDOT:PSS,,40,ZrAcAc,,,,,0.71,8.15,62,3.68
394,204,link,10.1039/C8TA07334A,PBT1-C,1.8,34.2,,-5.43,-3.36,,1.84,TPT-2F,-5.84,-4.06,,1.64,1:1,CF,,,DIO,0.25,,100,10,MoOx,,3,ZnO,,,3.51E-04,7.10E-05,0.874,13.89,68.6,8.33
395,205,link,10.1002/adfm.201802324,PBDB-T,,,,-5.33,-3.53,,,4TIC-4F,-5.6,-4.21,,1.32,1:1,CB,3200,20,_,0,100,130,10,PEDOT:PSS,,,C60-bissalt,,,6.38E-05,2.23E-04,0.652,21.5,57,7.99
396,205,link,10.1002/adfm.201802324,PBDB-T,,,,-5.33,-3.53,,,6TIC-4F,-5.45,-4.14,,1.24,1:1,CB,3200,20,_,0,100,25,0,PEDOT:PSS,,,C60-bissalt,,,7.94E-05,4.52E-04,0.723,23,67,11.14
397,206,link,10.1021/acsaem.8b00851,PBDB-T,,,,-5.21,-3.41,,,ITBTR-C2,-5.3,-3.7,,1.52,1:1,CB,800,15,DIO,0.3,,25,0,MoOx,,10,ZnO,,,3.21E-06,8.62E-05,0.89,13.38,58.42,6.96
398,206,link,10.1021/acsaem.8b00851,PBDB-T,,,,-5.21,-3.41,,,ITBTR-C4,-5.3,-3.71,,1.52,1:1,CB,800,,DIO,0.3,,25,0,MoOx,,10,ZnO,,,1.92E-05,2.36E-05,0.9,14.75,54.15,7.33
399,206,link,10.1021/acsaem.8b00851,PBDB-T,,,,-5.21,-3.41,,,ITBTR-C6,-5.3,-3.71,,1.52,1:1,CB,800,,DIO,0.3,,25,0,MoOx,,10,ZnO,,,5.97E-05,6.55E-05,0.89,15.72,57.83,8.18
400,206,link,10.1021/acsaem.8b00851,PBDB-T,,,,-5.21,-3.41,,,ITBTR-C8,-5.28,-3.7,,1.49,1:1,CB,800,,DIO,0.3,,25,0,MoOx,,10,ZnO,,,2.75E-05,3.43E-05,0.9,14.74,58.47,7.85
401,207,link,10.1021/acsami.8b15923,PBDB-T2Cl,2.32,42.7,99.064,-5.51,-3.57,,1.69,IDIC-4H,-5.7,-3.87,,1.69,1:1,CB,800,10,DIO,0.3,,25,0,MoOx,,10,ZnO,,,7.70E-05,3.80E-05,0.98,10.32,45.3,4.57
402,207,link,10.1021/acsami.8b15923,PBDB-T2Cl,2.32,42.7,99.064,-5.51,-3.57,,1.69,IDIC-4F,-5.73,-3.93,,1.66,1:1,CB,800,10,DIO,0.3,,25,0,MoOx,,10,ZnO,,,1.10E-04,6.00E-05,0.88,13,61.91,7.10
403,207,link,10.1021/acsami.8b15923,PBDB-T2Cl,2.32,42.7,99.064,-5.51,-3.57,,1.69,IDIC-4Cl,-5.78,-4.02,,1.58,1:1,CB,800,10,DIO,0.3,,25,0,MoOx,,10,ZnO,,,3.90E-04,2.70E-04,0.83,16.21,68.69,9.24
404,208,link,10.1039/C8TA00368H,PBDB-T,2.68,18.8,50.384,-5.3,-3.41,,,IT-M,-5.3,-3.35,,,1:1,CB,3000,10,_,0,100,100,10,PEDOT:PSS,,30,PFN-Br,,10,2.69E-04,3.79E-04,0.95,17.13,72,11.74
405,208,link,10.1039/C8TA00368H,PBDB-T-BO,2.26,12.7,28.702,-5.38,-3.63,,1.75,IT-M,-5.3,-3.35,,,1:1,THF,3000,8,_,0,100,100,10,PEDOT:PSS,,30,PFN-Br,,10,1.70E-04,1.70E-04,0.97,15.77,71,10.78
406,208,link,10.1039/C8TA00368H,PBDB-BzT,2.03,13.5,27.405,-5.36,-3.61,,1.75,IT-M,-5.3,-3.35,,,1:1,THF,3000,8,_,0,100,100,10,PEDOT:PSS,,30,PFN-Br,,10,1.68E-04,1.22E-04,0.96,17.97,70,12.10
407,209,link,10.1016/j.orgel.2018.10.005,PTB7-Th,,,,-5.15,-3.43,,1.59,IDT-BT-R2,-5.31,-3.7,,1.68,1:1.5,,1400,25,_,0,98,150,30,PEDOT:PSS,,40,Ca,,8,1.22E-03,9.06E-05,1.04,13.75,62.76,8.96
408,209,link,10.1016/j.orgel.2018.10.005,PTB7-Th,,,,-5.15,-3.43,,1.59,IDT-BT-RF3,-5.35,-3.78,,1.64,1:2,,1300,24,_,0,96,150,30,PEDOT:PSS,,40,Ca,,8,1.80E-03,1.27E-04,0.89,14.74,59.16,7.75
409,209,link,10.1016/j.orgel.2018.10.005,PTB7-Th,,,,-5.15,-3.43,,1.59,IDT-BT-RO,-5.33,-3.74,,1.66,1:1.5,,1200,20,_,0,101,150,30,PEDOT:PSS,,40,Ca,,8,1.29E-03,9.13E-05,1.02,13.75,60.81,8.57
410,209,link,10.1016/j.orgel.2018.10.005,PTB7-Th,,,,-5.15,-3.43,,1.59,IDT-BT-RN,-5.26,-3.62,,1.71,1:1.5,,1300,20,_,0,105,150,30,PEDOT:PSS,,40,Ca,,8,1.36E-03,8.76E-05,1.1,12.04,53.67,7.09
411,210,link,10.1016/j.dyepig.2018.11.040,PBDB-T,,,,-5.33,-2.92,,,IDT-O-IC,-5.7,-3.79,,1.69,1:1.2,o-DCB,1200,8.8,_,0,100,25,0,MoOx,,8.5,ZnO,,40,2.28E-05,3.63E-05,0.83,10.32,55,4.74
412,210,link,10.1016/j.dyepig.2018.11.040,PBDB-T,,,,-5.33,-2.92,,,spiro-IDT-O-IC,-5.68,-3.79,,1.66,1:1.8,o-DCB,1200,11.2,_,0,100,25,0,MoOx,,8.5,ZnO,,40,3.66E-05,5.24E-05,0.84,11.76,63,6.23
413,211,link,10.1016/j.dyepig.2018.08.039,PBDB-T,,,,-5.33,-2.92,,,ICBF-O,-5.7,-3.75,,1.9,1:1,CB,,20,_,0,100,25,0,PEDOT:PSS,,40,PDINO,,,,,1.06,6.82,42.6,3.11
414,211,link,10.1016/j.dyepig.2018.08.039,PBDB-T,,,,-5.33,-2.92,,,ICBF,-5.64,-3.8,,1.8,1:1,CB,,20,_,0,100,25,0,PEDOT:PSS,,40,PDINO,,,,,0.99,10.3,60.1,6.07
415,211,link,10.1016/j.dyepig.2018.08.039,PBDB-T,,,,-5.33,-2.92,,,FICBF-O,-5.72,-3.85,,1.81,1:1,CB,,20,_,0,100,25,0,PEDOT:PSS,,40,PDINO,,,,,0.96,10.59,54.5,5.54
416,211,link,10.1016/j.dyepig.2018.08.039,PBDB-T,,,,-5.33,-2.92,,,FICBF,-5.66,-3.88,,1.72,1:1,CB,,20,_,0,100,80,,PEDOT:PSS,,40,PDINO,,,,,0.87,12.71,67,7.41
417,212,link,10.1016/j.orgel.2018.10.042,PTB7-Th,,,,-5.22,-3.64,,1.58,BT-SFIC,-5.46,-4.04,,1.44,1:2.5,,,,PN,1.5,,25,0,MoOx,-5.4,,ZnO,-4.4,,1.46E-03,3.08E-04,0.77,18.46,67,9.52
418,212,link,10.1016/j.orgel.2018.10.042,PTB7-Th,,,,-5.22,-3.64,,1.58,BT-FIC,-5.48,-4.1,,1.39,1:1.5,,,,PN,1.5,,25,0,MoOx,-5.4,,ZnO,-4.4,,8.55E-04,2.04E-04,0.73,21.28,65,10.10
423,213,link,10.1016/j.orgel.2018.09.047,PBZ-TS,1.9,18.1,34.39,-5.48,-2.83,,1.85,ITIC,,,,,1:1,,,,_,0,,25,0,PEDOT:PSS,,,PDINO,,,7.01E-04,1.46E-04,0.93,16.73,52.1,8.08
424,214,link,10.1016/j.dyepig.2017.09.009,PBT1-EH,,,,-5.43,-3.43,,1.84,IDTCN,-5.91,-3.94,,1.67,1:1,CF,2000,7,_,0,110,100,5,PEDOT:PSS,,,ZrAcAc,,10,1.20E-03,2.30E-03,0.93,13.08,70.2,8.69
425,215,link,10.1039/C8TC01508B,PBDB-T,,,,-5.49,-3.69,,,IDT-T,-5.57,-4.01,,1.56,1:1,CB,3000,15,_,0,90,25,0,MoOx,,10,ZnO,,,1.66E-04,8.19E-06,0.952,11.21,59.62,6.36
426,215,link,10.1039/C8TC01508B,PBDB-T,,,,-5.49,-3.69,,,IDT-3MT,-5.68,-4.16,,1.52,1:1,CB,4000,15,_,0,90,25,0,MoOx,,10,ZnO,,,2.07E-05,1.02E-05,0.95,14.43,61.32,8.40
427,216,link,10.1002/cjoc.201700809,PBDB-T,,,,-5.33,-3.53,,,SiIDT-IC,-5.47,-3.78,,1.69,1:1,CB,,,_,0,,110,10,MoOx,,10,ZnO/PFN-Br,,35,3.42E-04,1.02E-04,0.92,13.53,65.56,8.16
428,216,link,10.1002/cjoc.201700809,PBDB-T,,,,-5.33,-3.53,,,IDIC,-5.53,-3.91,,1.62,1:1,CB,,,_,0,,110,10,MoOx,,10,ZnO/PFN-Br,,35,,,0.81,16.69,65.36,8.83
429,217,link,10.1002/ajoc.201800389,PBDB-T,,,,-5.33,-3.53,,,IDTBOR,-5.49,-3.93,,1.56,1:2,CB,,,_,0,100,130,10,MoOx,,10,ZnO/PFN-Br,,35,2.31E-04,3.08E-05,0.89,15.98,54.67,7.74
430,217,link,10.1002/ajoc.201800389,PBDB-T,,,,-5.33,-3.53,,,IDTBSR,-5.41,-3.88,,1.53,1:2,CB,,,_,0,100,130,10,MoOx,,10,ZnO/PFN-Br,,35,2.20E-04,1.53E-06,0.95,13.95,52.38,6.95
431,218,link,10.1016/j.dyepig.2017.12.017,PBDB-T,,,,-5.36,-3.55,,1.81,TTIC,-5.75,-4.35,,1.4,1:1.5,o-DCB,1200,10,DIO,0.15,85,125,5,MoOx,-5.49,8.5,ZnO,-4.14,30,9.24E-05,1.07E-04,0.77,22.26,62,10.61
432,218,link,10.1016/j.dyepig.2017.12.017,PBDB-T,,,,-5.36,-3.55,,1.81,TTIC-M,-5.68,-4.24,,1.44,1:1.5,o-DCB,1200,10,DIO,0.15,86,175,5,MoOx,-5.49,8.5,ZnO,-4.14,30,1.25E-04,1.33E-04,0.8,20.51,70,11.48
433,219,link,10.1021/acs.jpclett.8b03247,J52,1.42,18.82,26.7244,-5.39,,,1.93,ITIC,-5.54,-4,,,1:1.5,CF,1500,18,_,0,,25,0,PEDOT:PSS,,,PDINO,,,6.60E-05,,0.803,10.87,43.2,3.78
434,219,link,10.1021/acs.jpclett.8b03247,J52-Cl,2.39,25.84,61.7576,-5.53,-3.59,,1.94,ITIC,-5.54,-4,,,1:1.5,CF,1500,18,_,0,,25,0,PEDOT:PSS,,,PDINO,,,9.50E-04,,0.956,17.17,70.2,11.53
435,220,link,10.1021/acsenergylett.8b00928,PBDB-T,,,,,,,,IDTT2F,-5.57,-4.03,,1.46,1:1,o-DCB,1500,8,_,0,100,25,0,MoOx,,8,ZnO,,30,1.03E-05,3.10E-06,0.81,18.51,59,8.85
436,220,link,10.1021/acsenergylett.8b00928,PBDB-T,,,,,,,,IDTOT2F,-5.54,-3.94,,1.44,1:1,o-DCB,1500,8,_,0,97,25,0,MoOx,,8,ZnO,,30,4.80E-05,4.00E-05,0.85,20.87,72,12.79
437,221,link,10.1002/adma.201804790,PBDB-T,,,,,,,,IDTIC,-5.92,-3.93,,1.7,1:1,CB,1800,10,DIO,0.7,117,25,0,MoOx,,6,ZnO,,30,,1.07E-03,0.89,10.94,61.9,6.05
438,222,link,10.1016/j.cclet.2017.11.018,PBDB-T,,,,-5.33,-3.53,,,ITIC,-5.66,-3.97,,1.59,1:1,CB,,20,_,0,98,25,0,PEDOT:PSS,,40,N719:PrC60MAI,,,5.10E-05,3.80E-04,0.897,16.92,65.5,9.94
439,222,link,10.1016/j.cclet.2017.11.018,PBDB-T,,,,-5.33,-3.53,,,ITCT,-5.65,-4.02,,1.55,1:1,CB,,20,_,0,98,25,0,PEDOT:PSS,,40,N719:PrC60MAI,,,6.10E-05,5.10E-04,0.85,17.88,72.3,10.99
440,223,link,10.1016/j.synthmet.2017.12.005,P3HT,,,,-4.94,-3.06,,,IDT-RCN,-5.62,-3.75,,1.54,1:0.8,CB,,14.4,CN,2,100,25,0,PEDOT:PSS,-5.1,30,Ca,-3,10,,,0.69,7.92,63,3.42
441,223,link,10.1016/j.synthmet.2017.12.005,P3HT,,,,-4.94,-3.06,,,IDT-CA,-5.59,-3.64,,1.66,1:0.8,CB,,14.4,CN,2,100,25,0,PEDOT:PSS,-5.1,30,Ca,-3,10,,,0.84,7.77,64,4.19
442,224,link,10.1002/aenm.201801618,PBDB-T,2.02,180.4,364.9,-5.33,-2.92,,,IDTO-T-4F,-5.49,-3.88,,1.45,1:1.2,CB,1700,22,DIO,0.3,110,25,0,PEDOT:PSS,,40,PDINO,,,2.62E-04,6.41E-05,0.864,20.12,72.7,12.62
443,224,link,10.1002/aenm.201801618,PBDB-T,2.02,180.4,364.9,-5.33,-2.92,,,IDTO-Se-4F,-5.48,-3.9,,1.4,1:1.1,CB,1300,20,DIO,0.3,110,25,0,PEDOT:PSS,,40,PDINO,,,1.82E-04,4.45E-05,0.831,18.55,69.2,10.67
444,224,link,10.1002/aenm.201801618,PBDB-T,2.02,180.4,364.9,-5.33,-2.92,,,IDTO-TT-4F,-5.39,-3.89,,1.38,1:1.1,CF,1300,12,DIO,0.3,110,25,0,PEDOT:PSS,,40,PDINO,,,1.07E-04,2.18E-05,0.856,17.21,69.4,10.21
445,225,link,10.1039/C8TA00783G,PBDB-T,,,,-5.33,-2.92,,,IDT2Se,-5.41,-3.87,,1.45,1:1,CB,,20,_,0,110,80,,PEDOT:PSS,,40,PDINO,,,1.52E-04,4.80E-05,0.88,17.31,59.8,9.11
446,225,link,10.1039/C8TA00783G,PBDB-T,,,,-5.33,-2.92,,,IDT2Se-4F,-5.51,-4,,1.39,1:1,CB,,20,_,0,110,80,,PEDOT:PSS,,40,PDINO,,,2.08E-04,1.64E-04,0.79,21.35,65.4,11.03
447,226,correct link,10.1002/solr.201800186,PBDT-Se-TAZ,1.64415,42.429,25.806,-5.23,-3.45,,1.92,ITIC,-5.48,-3.83,,,1:1,CF,2000,16,DIO,0.3,100,25,0,MoOx,,10,ZnO,,30,1.33E-03,8.70E-04,0.81,18.63,66.7,10.07
448,226,correct link,10.1002/solr.201800186,PBDTS-Se-TAZ,1.93806,56.473,29.139,-5.29,-3.49,,1.9,ITIC,-5.48,-3.83,,,1:1,CF,2000,16,DIO,0.3,100,25,0,MoOx,,10,ZnO,,30,2.47E-03,2.03E-03,0.84,19.51,75.1,12.31
449,227,link,10.1002/adma.201707170,PBDB-TF,,,,-5.54,-3.65,,,IT-M,-5.58,-3.93,,1.59,1:1,CB,,22,DIO,0.75,90,100,10,PEDOT:PSS,,35,PFN-Br,,,,,1.02,15.79,65,10.50
450,227,link,10.1002/adma.201707170,PBDB-TF,,,,-5.54,-3.65,,,IT-4F,-5.67,-4.15,,1.5,1:1,CB,,20,DIO,1,90,100,10,PEDOT:PSS,,35,PFN-Br,,,,,0.87,20.38,77,13.70
451,228,link,10.1039/C7TA11059F,PBZ1,1.88,27.3,51.324,-5.27,-3.06,,1.96,ITIC,-5.6,-3.85,,,1:1,Toluene,,,_,0,,160,10,MoOx,,10,ZnO,,,4.36E-04,2.98E-04,0.74,15.7,49.8,5.80
452,228,link,10.1039/C7TA11059F,PBZ-m-CF3,1.74,33.6,58.464,-5.49,-3.22,,1.99,ITIC,-5.6,-3.85,,,1:1,Toluene,,,_,0,,160,10,MoOx,,10,ZnO,,,5.08E-04,3.96E-04,0.94,18.4,60.2,10.40
453,229,link,10.1039/C8TA03753A,PBDB-TF,,,,-5.48,-3.64,,1.81,HF-PCIC,-5.53,-3.83,,1.5,1:1.2,CB,2000,20,CN,1,100,110,10,MoOx,-5.3,10,ZnO,-4.4,,1.68E-04,1.35E-04,0.92,16.01,72.42,10.97
454,229,link,10.1039/C8TA03753A,PBDB-TF,,,,-5.48,-3.64,,1.81,HFO-PCIC,-5.5,-3.81,,1.48,1:1.2,CB,2000,20,CN,1,100,110,10,MoOx,-5.3,10,ZnO,-4.4,,8.60E-05,2.50E-05,0.93,12.62,70.99,8.36
455,229,link,10.1039/C8TA03753A,PBDB-TF,,,,-5.48,-3.64,,1.81,OF-PCIC,-5.66,-3.86,,1.59,1:1.2,CB,2000,20,CN,1,100,110,10,MoOx,-5.3,10,ZnO,-4.4,,1.29E-04,3.20E-05,0.91,13.76,73.37,9.09
456,229,link,10.1002/adma.201705208,PBDB-T,,,,-5.33,-3.53,,,DF-PCIC,-5.49,-3.77,,1.59,1:1.4,,2000,20,CN,0.5,100,130,10,MoOx,-5.3,10,ZnO/PFN,-4.4,,1.28E-04,2.60E-05,0.91,15.66,72,10.14
457,230,link,10.1016/j.orgel.2018.05.050,PBDB-T,,,,-5.33,-3.53,,,IF-TN,-5.8,-3.93,,1.81,1:1,CB,2000,10,CN,2,100,80,5,PEDOT:PSS,-5.33,,PNDIT-F3N-Br,-4.18,5,4.54E-04,1.02E-05,1.006,7.02,40.95,2.89
458,230,link,10.1016/j.orgel.2018.05.050,PBDB-T,,,,-5.33,-3.53,,,IDT-TN,-5.42,-4.03,,1.43,1:1,CB,2000,10,CN,2,100,80,5,PEDOT:PSS,-5.33,,PNDIT-F3N-Br,-4.18,5,8.55E-04,6.79E-05,0.967,13.22,45.17,5.77
459,231,link,10.1021/acs.macromol.8b00683,PBDB-T,,,,-5.21,-3.41,,,IT-M,-5.58,-3.98,,,1:1,CB,,20,DIO,0.8,,120,15,PEDOT:PSS,,,PDINO,,5,1.08E-05,4.82E-04,0.93,16.69,66.77,10.31
460,232,link,10.1039/C8TC02701C,PBDB-T,,,,-5.2,-3,,,ITIC-Cl4,-5.5,-3.9,,1.48,1:1,o-DCB,1500,15,CN,0.5,,25,0,MoOx,,10,ZnO,,,,,0.74,21.5,60,9.60
461,233,link,10.1016/j.dyepig.2018.05.050,PBDTS-TzBI,,,,-5.39,-3.52,,1.57,ITIC,-5.48,-3.83,,,1:1,CB,,20,_,0,100,130,,PEDOT:PSS,,,PFN-Br,,,6.45E-05,3.09E-04,0.94,16.8,56.2,9.04
462,233,link,10.1016/j.dyepig.2018.05.050,PBDTS-TzBI,,,,-5.39,-3.52,,1.57,ITIC-Th,-5.66,-3.93,,,1:1,CB,,20,_,0,100,130,,PEDOT:PSS,,,PFN-Br,,,1.27E-04,5.18E-04,0.91,17.34,60.44,9.67
463,234,link,10.1016/j.dyepig.2018.03.061,PBDB-T,,,,-5.33,-2.92,,,NFBDT-Me,-5.4,-3.78,,1.58,1:0.6,CF,,9.6,_,0,,25,0,PEDOT:PSS,,,PDIN,,,2.07E-04,1.68E-04,0.909,17.3,70,11.00
464,234,link,10.1016/j.dyepig.2018.03.061,PBDB-T,,,,-5.33,-2.92,,,NFBDT-F,-5.43,-3.88,,1.5,1:1,CF,,,_,0,,25,0,PEDOT:PSS,,,PDIN,,,2.49E-04,1.33E-04,0.793,19.28,69.5,10.62
465,234,link,10.1016/j.dyepig.2018.03.061,PBDB-T,,,,-5.33,-2.92,,,NFBDT,-5.4,-3.83,,1.56,1:0.8,CF,,9,_,0,100,25,0,PEDOT:PSS,,,PDIN,,,3.68E-04,1.38E-04,0.872,17.85,67.2,10.42
466,235,link,10.1039/C8TA01739E,PBDB-T,,,,-5.33,-3.53,,,IT-DM,-5.47,-3.78,,,1.5:2,CB,,20,_,0,100,160,,PEDOT:PSS,,,PFN-Br,,,2.31E-04,4.01E-05,0.95,15.95,68.7,10.41
467,236,link,10.1021/acs.chemmater.8b02276,PBDB-T,,,,-5.33,-3.53,,,SN6IC,-5.38,-3.93,,1.39,1:1,CB,3000,20,DIO,0.3,100,25,0,PEDOT:PSS,,,C60-bissalt,,,,2.95E-04,0.88,16.5,66,9.60
468,236,link,10.1021/acs.chemmater.8b02276,PBDB-T,,,,-5.33,-3.53,,,SN6IC-4F,-5.52,-4.11,,1.32,1:1,CB,3000,20,DIO,0.3,100,25,0,PEDOT:PSS,,,C60-bissalt,,,,5.00E-04,0.78,23.2,73,13.20
469,237,link,10.1021/acsenergylett.8b00366,PTB7-Th,,,,-5.02,-3.44,,,ITIC,-5.47,-3.76,,,1:2,CB,3000,25,_,0,,25,0,MoOx,,,ZnO,,,2.07E-02,2.43E-04,0.825,14.4,66,7.80
470,237,link,10.1021/acsenergylett.8b00366,PTB7-Th,,,,-5.02,-3.44,,,IDTT-T,-5.51,-3.51,,2,1:2,CB,3000,25,_,0,57,25,0,MoOx,,,ZnO,,,5.19E-03,3.98E-03,1.015,15.7,57,9.10
471,238,link,10.1002/solr.201800120,PBDB-T,,,,-5.3,-3.4,,,IDT-TBA,-5.71,-3.93,,1.91,1:1,,2000,20,_,0,100,120,10,MoOx,,,ZnO,,,2.20E-04,5.00E-05,1,11.2,57,6.40
472,238,link,10.1002/solr.201800120,PBDB-T,,,,-5.3,-3.4,,,IDDT-TBA,-5.91,-4,,1.78,1:1,,2000,20,_,0,100,120,,MoOx,,,ZnO,,,1.40E-04,4.30E-05,1.03,11.6,61,7.30
473,239,link,10.1007/s11426-018-9252-9,PBDB-T,,,,-5.33,-3.53,,,IDT-IC,-5.78,-3.84,,1.72,1:1,o-DCB,1200,8,_,0,80,25,0,MoOx,,,ZnO,,,4.02E-05,7.33E-05,0.83,10.54,49,4.69
474,240,link,10.1002/solr.201800053,PBDB-T,,,,-5.33,-2.92,,,O-NTIC,-5.51,-3.67,,1.7,1:0.8,CB,,19.9,DIO,0.5,,25,0,PEDOT:PSS,,,PDINO,,,1.54E-04,8.27E-05,0.978,13.31,69.9,9.10
475,240,link,10.1002/solr.201800053,PBDB-T,,,,-5.33,-2.92,,,O-NTNC,-5.54,-3.78,,1.64,1:0.8,CB,,19.9,DIO,0.8,,25,0,PEDOT:PSS,,,PDINO,,,2.55E-04,1.69E-04,0.942,15.98,73.4,11.04
476,241,link,10.1002/asia.201801669,PBDB-T,,,,-5.33,-2.92,,,BTTFIC,-5.56,-3.95,,1.58,1.5:1,o-DCB,,15,_,0,106,130,10,MoOx,,,ZnO,,,1.16E-04,1.22E-04,0.935,17.74,54.3,9.00
477,241,link,10.1002/asia.201801669,PTB7-Th,,,,-5.2,-3.56,,,BTTFIC,-5.56,-3.95,,1.58,1:2,o-DCB,,30,_,0,101,130,10,MoOx,,,ZnO,,,6.70E-05,1.01E-04,0.871,17.67,55,8.47
478,242,link,10.1007/s11426-017-9199-1,PBDB-TF,,,,-5.5,-3.61,,1.83,IT-4F,-5.69,-4.07,,,1:1,CB,,10,DIO,0.75,100,100,,MoOx,,,ZnO,,,9.76E-04,7.15E-04,0.84,22.2,72.5,13.50
479,243,link,10.1039/C7QM00585G,PBDB-T,,,,,,,,NFTI,-5.46,-3.77,,1.57,1:0.9,o-DCB,,,DPE,3,,25,0,PEDOT:PSS,,,FPI,,,3.79E-04,1.11E-05,0.898,16.22,57,8.34
480,244,link,10.1021/acs.chemmater.8b02222,FTAZ,1.89,60.1,113.589,-5.38,-3.17,,,F5IC,-5.82,-4.05,,1.64,1:1.5,CF,2800,12.5,DIO,0.25,,25,0,MoOx,,,ZnO/PFN-Br,,,3.00E-04,3.40E-05,0.704,14.88,53.7,5.60
481,244,link,10.1021/acs.chemmater.8b02222,FTAZ,1.89,60.1,113.589,-5.38,-3.17,,,F7IC,-5.74,-4.01,,1.56,1:1.5,CF,2800,12.5,DIO,0.25,,25,0,MoOx,,,ZnO/PFN-Br,,,2.70E-04,8.30E-05,0.742,18.43,59.7,8.20
482,244,link,10.1021/acs.chemmater.8b02222,FTAZ,1.89,60.1,113.589,-5.38,-3.17,,,F9IC,-5.52,-3.97,,1.49,1:1.5,CF,2800,12.5,DIO,0.25,,25,0,MoOx,,,ZnO/PFN-Br,,,2.10E-04,1.50E-04,0.873,20.2,66.4,11.70
483,245,link,10.1021/acsami.8b16554,PBDTTz-SBP,2.3,21,48.3,-5.46,-3.5,,1.96,ITIC,-5.6,-3.93,,,1:1,CB,,,_,0,125,25,0,PEDOT:PSS,,,PFN-Br,,,1.42E-04,3.90E-05,0.914,18.52,71.43,12.09
484,245,link,10.1021/acsami.8b16554,PBDTTz-BP,2.3,21,48.3,-4.8,-2.45,,1.96,ITIC,-5.6,-3.93,,,1:1,CB,,,_,0,125,25,0,PEDOT:PSS,,,PFN-Br,,,,,0.832,17.96,61.56,9.20
485,246,link,10.1039/c8ee01546e,PJ1,1.58,87.8,138.724,-5.38,-3.38,,2,m-ITIC,-5.54,-3.95,,1.57,1:1.5,CF,,,DIO,0.5,110.9,130,5,PEDOT:PSS,,,PDINO,,,5.50E-05,2.00E-05,1.031,11.1,56,6.41
486,246,link,10.1039/c8ee01546e,PJ1,1.58,87.8,138.724,-5.38,-3.38,,2,IDIC,-5.67,-4.1,,1.69,1:1.5,CF,,,DIO,0.5,109.1,130,5,PEDOT:PSS,,,PDINO,,,6.90E-05,2.50E-05,0.958,12,53.6,6.18
487,246,link,10.1039/c8ee01546e,PJ2,1.44,80.1,115.344,-5.14,-3.33,,1.81,m-ITIC,-5.54,-3.95,,1.57,1:1.5,CF,,,DIO,0.5,112.6,130,5,PEDOT:PSS,,,PDINO,,,1.50E-04,8.70E-05,0.988,16.8,62.3,10.34
488,246,link,10.1039/c8ee01546e,PJ2,1.44,80.1,115.344,-5.14,-3.33,,1.81,IDIC,-5.67,-4.1,,1.69,1:1.5,CF,,,DIO,0.5,110.3,130,5,PEDOT:PSS,,,PDINO,,,2.00E-04,1.59E-04,0.939,17,75.3,12.01
489,246,link,10.1039/c8ee01546e,PJ3,1.56,79.2,123.552,-5.01,-3.26,,1.75,m-ITIC,-5.54,-3.95,,1.57,1:1.5,CF,,,DIO,0.5,117.8,130,5,PEDOT:PSS,,,PDINO,,,8.10E-05,4.90E-05,0.96,12.7,63.5,7.76
490,246,link,10.1039/c8ee01546e,PJ3,1.56,79.2,123.552,-5.01,-3.26,,1.75,IDIC,-5.67,-4.1,,1.69,1:1.5,CF,,,DIO,0.5,114.5,130,5,PEDOT:PSS,,,PDINO,,,1.00E-04,6.40E-05,0.908,12.8,69.8,8.11
491,247,link,10.1039/C7TA09837E,2D-PBTCl,1.59,41.37,66.16,-5.45,-3.6,,1.58,ITIC,-5.48,-3.83,,,1:1,CB,1000,8,DIO,0.25,100,25,0,MoOx,,,ZnO,,,4.90E-04,,0.91,15.79,61.32,8.81
492,247,link,10.1039/C7TA09837E,2D-PBTCl2,1.91,41.86,80.3,-5.43,-3.63,,1.48,ITIC,-5.48,-3.83,,,1:1,CB,1000,8,DIO,0.25,90,25,0,MoOx,,,ZnO,,,1.10E-04,,0.87,14.52,58.43,7.38
493,247,link,10.1039/C7TA09837E,PTB7-Th,,,,-5.38,-3.7,,,ITIC,-5.48,-3.83,,,1:1,CB,1000,8,DIO,0.25,90,25,0,MoOx,,,ZnO,,,,,0.82,14.76,57.09,6.91
494,248,link,10.1021/acsaem.8b00506,PBClT,1.99,43.8,87.52,-5.47,-3.61,,1.64,ITIC,-5.48,-3.83,,,1:1,CB,1000,8,_,0,100,25,0,MoOx,,,ZnO,,,7.41E-05,,1.01,13.95,60.05,8.46
495,249,link,10.1021/acsenergylett.8b00563,PBDB-T,,,,-5.36,-3.54,,,BDCPDT-IC,-5.41,-3.87,,1.53,1:1,CB,,12,DIO,1,,25,0,MoOx,,,ZnO,,,,,0.86,16.56,65.52,9.33
496,249,link,10.1021/acsenergylett.8b00563,PBDB-T,,,,-5.36,-3.54,,,BDCPDT-FIC,-5.52,-4,,1.49,1:1,CB,,12,_,0,,25,0,MoOx,,,ZnO,,,,,0.7,19.12,60.67,8.12
497,250,link,10.1016/j.orgel.2018.04.001,PBFTT,1.88,42.58,80.0504,-5.47,-3.56,,1.64,ITIC,-5.6,-3.85,,,1:1.5,CB,,20,_,0,,25,0,MoOx,,,ZnO,,,4.62E-04,1.55E-04,0.94,16,60.5,9.10
498,251,link,10.1039/C7TA01746D,PBDB-O,2.24,25.3,56.672,-5.3,-2.82,,1.55,ITIC,-5.51,-3.78,,,1:1,CB,2500,20,DIO,0.5,100,160,,MoOx,,,ZnO,,,3.29E-05,6.55E-05,0.846,11.8,43.3,4.35
499,251,link,10.1039/C7TA01746D,PBDB-T,3.25,16,52,-5.33,-2.92,,,ITIC,-5.51,-3.78,,,1:1,CB,2500,20,DIO,0.5,100,160,,MoOx,,,ZnO,,,2.32E-04,2.93E-04,0.899,16.8,74.2,11.21
500,252,link,10.1039/C7TA10763C,PBDB-T,,,,-5.31,-3.51,,,BDTIT-M,-5.4,-3.85,,1.55,1:1,CB,2500,20,DIO,0.75,100,100,5,PEDOT:PSS,,,PDIN,,,8.84E-04,3.00E-04,0.903,17.56,71.3,11.31
501,252,link,10.1039/C7TA10763C,PBDB-T,,,,-5.31,-3.51,,,BDTThIT-M,-5.35,-3.82,,1.53,1:1,CB,2500,20,DIO,0.75,100,100,5,PEDOT:PSS,,,PDIN,,,9.97E-04,3.93E-04,0.942,18.03,71.4,12.12
508,252,correct link,10.1002/solr.201700020,PBZ,2.18,,,-5.18,-3.22,,1.96,ITIC,-5.48,-3.83,,,1:1.25,CB,,9,_,0,100,25,0,MoOx,,10,ZnO,,,4.40E-04,1.64E-04,0.79,17.2,59,8.00
509,252,correct link,10.1002/solr.201700020,PFBZ,2.3,,,-5.36,-3.42,,1.94,ITIC,-5.48,-3.83,,,1:1.25,CB,,9,_,0,125,25,0,MoOx,,10,ZnO,,,7.50E-04,4.48E-04,0.89,18.8,62,10.40
510,252,correct link,10.1002/adma.201601595,J51,,,,-5.26,-3.08,,1.91,ITIC,-5.48,-3.83,,1.59,1:2,CF,1800,18,_,0,,25,0,PEDOT:PSS,,,PDINO,,10,2.05E-04,8.60E-05,0.84,14.08,61,7.03
511,252,correct link,10.1021/jacs.6b01744,J60,2.22,23.9,53.058,-5.32,-3.08,,,ITIC,-5.53,-3.88,,,1:1,CF,2500,20,_,0,,25,0,PEDOT:PSS,,,PDINO,,10,,,0.92,9.78,57.45,5.17
512,252,correct link,10.1021/jacs.6b01744,J61,2.29,34.2,78.318,-5.32,-3.08,,,ITIC,-5.53,-3.88,,,1:1,CF,2500,20,_,0,,25,0,PEDOT:PSS,,,PDINO,,10,1.59E-04,1.45E-04,0.91,14.95,66.55,9.15
502,253,link,10.1016/j.dyepig.2018.11.056,PTB7,,,,-5.14,-3.51,,1.64,IEICO-4F,-5.44,-4.19,,,1:1.5,CB,,25,DIO,0.5,,25,0,PEDOT:PSS,,,PFN-Br,,,3.14E-04,4.53E-04,0.54,14.73,28.92,2.30
503,253,link,10.1016/j.dyepig.2018.11.056,PTB7-Th,,,,-5.22,-3.64,,,IEICO-4F,-5.44,-4.19,,,1:1.5,CB,,25,CN,1.5,,25,0,PEDOT:PSS,,,PFN-Br,,,6.57E-04,4.22E-04,0.72,23.21,69.41,11.60
504,254,link,10.1016/j.dyepig.2017.02.022,PBO,4.04,57.9,233.916,-5.47,-3.67,,1.8,ITIC,-5.53,-3.88,,,1:2,o-DCB,,20,DIO,0.5,85,25,0,PEDOT:PSS,,,LiF,,,1.30E-05,4.20E-05,0.92,14.3,54,7.10
505,255,link,10.1007/s40843-017-9084-x,PBDB-T,,,,-5.28,,,,TTIC-M,-5.3,-3.82,,1.44,1:1,CB,,20,_,0,,25,0,PEDOT:PSS,,,PDINO,,14,8.70E-05,8.60E-05,0.83,19.07,63,9.85
506,255,link,10.1007/s40843-017-9084-x,PBDB-T,,,,-5.28,,,,TTIC,-5.33,-3.87,,1.38,1:1,CB,,20,_,0,,25,0,PEDOT:PSS,,,PDINO,,14,1.63E-04,1.61E-04,0.8,20.58,66,10.73
507,255,link,10.1007/s40843-017-9084-x,PBDB-T,,,,-5.28,,,,TTIC-F,-5.34,-3.88,,1.35,1:1,CB,,20,_,0,,25,0,PEDOT:PSS,,,PDINO,,14,1.29E-04,1.38E-04,0.71,21.26,63,9.38
513,256,link,10.1002/solr.201700020,J71,,,,-5.36,-3.42,,,ITIC,-5.48,-3.83,,,1:1.25,CB,,22.5,_,0,175,25,0,MoOx,,10,ZnO,,,,,0.96,14.81,63.63,9.03
514,257,link,10.1039/C7TA07882J,FTAZ,,,,-5.48,-3.47,,,ITIC,-5.64,-4.04,,,1:1.5,CF,5000,15,_,0,90,25,0,MoOx,,,ZnO,,,9.30E-05,5.90E-06,0.911,16.71,58,8.77
515,257,link,10.1039/C7TA07882J,HTAZ,,,,-5.42,-3.44,,1.91,ITIC,-5.64,-4.04,,,1:1.5,CF,5000,15,_,0,90,25,0,MoOx,,,ZnO,,,1.90E-05,1.50E-06,0.851,13.03,40.8,4.50
517,258,link,10.1007/s11426-017-9102-1,PTB7-Th,,,,,,,,IFT-ECA,-5.62,-3.58,,2.28,1:1.5,o-DCB,,,CN,3,120,25,0,MoOx,,,ZnO,,,,,0.76,0.2,23.6,0.03
518,258,link,10.1007/s11426-017-9102-1,PTB7-Th,,,,,,,,IFT-M,-5.83,-3.65,,2.15,1:1.5,o-DCB,,,CN,3,120,25,0,MoOx,,,ZnO,,,,,0.76,0.8,24.9,0.15
519,258,link,10.1007/s11426-017-9102-1,PTB7-Th,,,,,,,,IFT-IC,-5.7,-3.87,,2.03,1:1.5,o-DCB,,,CN,3,120,25,0,MoOx,,,ZnO,,,,,1.03,8,50.3,4.14
520,258,link,10.1007/s11426-017-9102-1,PTB7-Th,,,,,,,,IFT-TH,-5.85,-3.67,,1.84,1:1.5,o-DCB,,,CN,3,120,25,0,MoOx,,,ZnO,,,,,0.9,13.2,60.2,7.16
521,259,link,10.1039/C7QM00182G,PBDB-T,,,,,,,,IT-M,,,,,1:1,CB,,20,DIO,1,100,25,0,PEDOT:PSS,,,PFN-Br,,,2.09E-04,1.22E-04,0.961,16.69,70,11.50
522,260,link,10.1021/acs.chemmater.7b02853,PTB7-Th,,,,-5.2,-3.59,,,4TIC,-5.28,-3.87,,1.4,1:2,CB,,30,DIO,0.5,,25,0,PEDOT:PSS,,,C60-bissalt,,,,6.20E-04,0.78,18.8,72,10.43
523,260,link,10.1021/acs.chemmater.7b02853,PTB7-Th,,,,-5.2,-3.59,,,ITIC,-5.43,-3.81,,1.6,1:1.25,CB,,22.5,_,0,,25,0,PEDOT:PSS,,,C60-bissalt,,,,2.40E-04,0.83,15.18,57,7.28
524,261,link,10.1016/j.orgel.2017.02.029,TBF-BDD,1.83,32,65,-5.37,-3.65,,1.76,ITIC,,,,,1:1,CF,2800,16,_,0,,110,10,PEDOT:PSS,,,PDINO,,,1.34E-04,1.18E-04,0.85,14.94,56,7.13
525,261,link,10.1016/j.orgel.2017.02.029,TBF-BT,1.67,45,76,-5.4,-3.55,,1.75,ITIC,,,,,1:1,CF,2800,16,_,0,,110,10,PEDOT:PSS,,,PDINO,,,8.20E-05,7.00E-05,0.81,13.89,63,7.03
526,262,link,10.1016/j.dyepig.2017.07.014,PBT,,,,-5.43,-3.65,,1.78,CzC6C8,-5.79,-3.79,,2,1:3,CB,,25,_,0,97,130,,MoOx,,,ZnO,,,1.23E-06,2.88E-06,0.99,8.24,41,3.30
527,262,link,10.1016/j.dyepig.2017.07.014,PBT,,,,-5.43,-3.65,,1.78,CzC8,-5.72,-3.74,,1.98,1:3,CB,,25,_,0,103,130,,MoOx,,,ZnO,,,2.02E-06,3.27E-06,1.03,9,50,4.64
528,262,link,10.1016/j.dyepig.2017.07.014,PTB7-Th,,,,-5.23,-3.65,,,CzC8,-5.72,-3.74,,1.98,1:3,CB,,25,_,0,102,100,,MoOx,,,ZnO,,,4.73E-05,4.89E-05,0.98,11.24,45,4.91
529,262,link,10.1016/j.dyepig.2017.07.014,PTFBDT,,,,-5.5,-3.69,,1.81,CzC8,-5.72,-3.74,,1.98,1:3,CB,,25,_,0,94,150,,MoOx,,,ZnO,,,1.88E-06,1.60E-06,1.16,7.99,51,4.67
530,263,link,10.1021/acsami.7b10275,PBDB-T,,,,-5.33,-3.53,,,IDTC,-5.29,-3.37,,1.51,1:1,CF,,,_,0,100,160,,PEDOT:PSS,,,PDINO,,,7.54E-05,1.48E-04,0.917,16.56,61.61,9.35
531,263,link,10.1021/acsami.7b10275,PBDB-T,,,,-5.33,-3.53,,,IDTO,-5.11,-3.38,,1.53,1:1,CF,,,_,0,100,160,,PEDOT:PSS,,,PDINO,,,1.10E-04,1.78E-04,0.943,16.25,65.41,10.02
532,264,link,10.1016/j.scib.2017.08.027,PTB7-Th,,,,-5.2,-3.6,,1.58,BTA7,-5.56,-3.66,,1.78,1:2,CF,,15,DPE,3,,80,,PEDOT:PSS,,,Ca,,,,,1.05,10.44,42,4.60
533,264,link,10.1016/j.scib.2017.08.027,PTB7-Th,,,,-5.2,-3.6,,1.58,BTA1,-5.51,-3.55,,1.85,1:2,CF,,15,DPE,3,,80,,PEDOT:PSS,,,Ca,,,,,0.93,0.2,29,0.06
534,264,link,10.1016/j.scib.2017.08.027,PTB7-Th,,,,-5.2,-3.6,,1.58,BTA2,-5.43,-3.38,,2,1:2,CF,,15,DPE,3,,80,,PEDOT:PSS,,,Ca,,,,,1.01,0.05,27,0.01
535,265,link,10.1021/acsmacrolett.7b00097,P3HT,,,,-5,-3.1,,1.9,BTA1,-5.51,-3.55,,,1:0.6,CF,,15,CN,0.8,,100,10,PEDOT:PSS,,,Ca,,,1.80E-06,3.20E-05,1.02,7.34,70,5.24
536,265,link,10.1021/acsmacrolett.7b00097,P3HT,,,,-5,-3.1,,1.9,BTA2,-5.43,-3.38,,2,0.6:1,CF,,15,DIO,0.8,,100,10,PEDOT:PSS,,,Ca,,,4.90E-04,3.40E-04,1.22,6.15,60,4.50
537,266,link,10.1002/solr.201700166,P3HT,,,,-5,-3.1,,,BT2,-5.5,-3.53,,1.82,1.5:1,CF,,15,_,0,,150,,PEDOT:PSS,,,Ca,,,1.20E-04,4.60E-05,0.97,7.59,67,4.93
538,266,link,10.1002/solr.201700166,P3HT,,,,-5,-3.1,,,BT2b,-5.41,-3.56,,1.75,1:1,CF,,15,_,0,,150,,PEDOT:PSS,,,Ca,,,6.10E-05,8.40E-05,0.92,10.02,66,6.08
539,267,link,10.1016/j.dyepig.2017.05.026,PBDB-T,,,,-5.33,-2.92,,,CDTCN,-5.39,-3.8,,1.48,1:1,CB,1200,20,DIO,0.75,107,80,10,MoOx,,,ZnO,,,6.98E-05,1.87E-04,0.96,11.26,57.58,6.23
540,268,link,10.1002/adma.201701308,PTB7-Th,,,,-5.2,-3.59,,,IHIC,-5.45,-3.93,,,1:1.5,o-DCB,,20,CN,1,100,25,0,MoOx,,,ZnO,,,6.80E-04,1.20E-03,0.754,19.01,68.1,9.77
541,269,link,10.1021/acsphotonics.7b00618,PBDB-T,,,,-5.33,-2.92,,,ITIC,-5.96,-3.98,,,1:1,CB,,20,DIO,0.5,100,25,0,MoOx,,,ZnO,,,,,0.88,13.8,59.8,7.40
542,270,link,10.1039/C5TA05901A,PBDTTT-C-T,,,,-5.11,-3.25,,,IDT-2BM,-5.6,-4.8,,1.6,1.5:1,o-DCB,,30,CN,6,,25,0,PEDOT:PSS,,,Ca,,,2.50E-04,1.00E-05,0.766,10.1,55.1,4.26
543,270,link,10.1039/C5TA05901A,PBDTTT-C-T,,,,-5.11,-3.25,,,IDTT-2BM,-5.5,-3.8,,1.54,1.5:1,o-DCB,,30,DIO,3,,25,0,PEDOT:PSS,,,Ca,,,4.10E-04,1.30E-05,0.851,9.87,57.2,4.81
544,271,link,10.1016/j.nanoen.2016.10.008,PffQx-T,1.9,11,20.9,-5.36,-3.56,,1.73,ITIC,-5.48,-3.83,,1.57,1:1.5,CF,,20,_,0,100,170,10,PEDOT:PSS,,,PDINO,,,2.31E-04,1.73E-04,0.87,16.33,59.6,8.47
545,271,link,10.1016/j.nanoen.2016.10.008,PffQx-PS,2,13,26,-5.4,-3.55,,1.81,ITIC,-5.48,-3.83,,1.57,1:1,CF,,20,DIO,0.1,100,90,10,PEDOT:PSS,,,PDINO,,,4.55E-05,2.41E-05,0.97,14.96,62.9,9.12
551,273,link,10.1021/acsami.8b20493,PBDB-T,,,,-5.28,-3.48,,,ITIC,-5.51,-3.78,,,1:1,CB,1500,20,_,0,100,160,10,MoOx,,,ZnO,,,1.50E-04,5.10E-05,0.831,14.5,71.1,8.60
554,274,link,10.1088/1361-6463/ab092b,PBDB-T,,,,,,,,ITIC,,,,,1:1,CB,1400,20,DIO,0.5,100,25,0,MoOx,,,ZnO,,,3.87E-04,4.45E-04,0.87,19.11,64.15,10.53
555,275,link,10.1117/12.2315945,PTB7-Th,,,,,,,,O-IDTBR,,,,,,,,,,,,,,,,,,,,,,0.992,17.7,57.3,10.10
556,275,link,10.1117/12.2315945,PTB7-Th,,,,,,,,IEICO,,,,,,,,,,,,,,,,,,,,,,0.883,14.8,61.2,7.95
557,275,link,10.1117/12.2315945,PTB7-Th,,,,,,,,IEICO-4F,,,,,,,,,,,,,,,,,,,,,,0.707,26.6,66,12.40
562,276,link,10.1039/C9TA03272J,J101,1.89,28.1,53.109,-5.3,-3.5,,1.53,ITIC,-5.56,-3.79,,,1:1,CF,,16,_,0,98,150,,PEDOT:PSS,,,PDINO,,,,,0.951,17.7,73.65,12.47
563,276,link,10.1039/C9TA03272J,J101,1.89,28.1,53.109,-5.3,-3.5,,1.53,ZITI,-5.53,-3.8,,,1:1,CF,,16,_,0,105,120,,PEDOT:PSS,,,PDINO,,,2.18E-04,1.27E-04,0.937,21.25,72.48,14.43
564,276,link,10.1039/C9TA03272J,J71,2,25.9,51.8,-5.27,-3.6,,,ZITI,-5.53,-3.8,,,1:1,CF,,16,_,0,98,25,0,PEDOT:PSS,,,PDINO,,,3.55E-04,4.52E-05,0.912,20.23,69.49,12.82
565,277,link,10.1021/acsaem.8b00012,PTB7-Th,,,,-5.22,-3.64,,,DICTF-C10,-5.67,-3.89,,1.76,2:3,o-DCB,,25,_,0,68,25,0,MoOx,,,ZnO,,,4.60E-05,2.30E-05,0.865,19.255,50,6.93