SMILE,R_grp_SMILES,Name,Comments (Stanley),Duplicates (Dylan),
CC(CCCCCC)CCCCCCCCc1sc(c2c3cc(C)sc3c(c4sc(CC(CCCCCC)CCCCCCCC)cc4)c5cc(c6c(CCCCCCCC)cc(c7oc(c8cc(CCCCCCCC)c(C)s8)nn7)s6)sc52)cc1,[R1]c1sc(c2c3cc(C)sc3c(c4sc([R1])cc4)c5cc(c6c([R2])cc(c7oc(c8cc([R2])c(C)s8)nn7)s6)sc52)cc1,PBDT-ODZ,,,
[Si](CCC)(CCC)(CCC)c9sc(c%10c%11cc(C)sc%11c(c%12sc([Si](CCC)(CCC)(CCC))cc%12)c%13cc(c%14ccc(c%15c%16nn(CC(CCCCCC)CCCCCCCC)nc%16c(c%17ccc(C)s%17)c(F)c%15F)s%14)sc%13%10)cc9,[R3]c9sc(c%10c%11cc(C)sc%11c(c%12sc([R3])cc%12)c%13cc(c%14ccc(c%15c%16nn([R1])nc%16c(c%17ccc(C)s%17)c(F)c%15F)s%14)sc%13%10)cc9,J71,,,
CC(CC)CCCCc%18sc(c%19c%20cc(C)sc%20c(c%21sc(CC(CC)CCCC)cc%21)c%22cc(c%23ccc(c%24c%25nn(CC(CCCCCC)CCCCCCCC)nc%25c(c%26ccc(C)s%26)c(F)c%24F)s%23)sc%22%19)cc%18,[R4]c%18sc(c%19c%20cc(C)sc%20c(c%21sc([R4])cc%21)c%22cc(c%23ccc(c%24c%25nn([R1])nc%25c(c%26ccc(C)s%26)c(F)c%24F)s%23)sc%22%19)cc%18,J52,,,
CC(CC)CCCCc%27sc(c%28c%29cc(C)sc%29c(c%30sc(CC(CC)CCCC)c(F)c%30F)c%31cc(c%32ccc(c%33c%34nn(CC(CCCCCC)CCCCCCCC)nc%34c(c%35ccc(C)s%35)c(F)c%33F)s%32)sc%31%28)c(F)c%27F,[R4]c%27sc(c%28c%29cc(C)sc%29c(c%30sc([R4])c(F)c%30F)c%31cc(c%32ccc(c%33c%34nn([R1])nc%34c(c%35ccc(C)s%35)c(F)c%33F)s%32)sc%31%28)c(F)c%27F,J91,,,
[Si](CCC)(CCC)(CCC)c%36sc(c%37c%38cc(C)oc%38c(c%39sc([Si](CCC)(CCC)(CCC))cc%39)c%40cc(c%41ccc(c%42c%43nn(CC(CCCCCC)CCCCCCCC)nc%43c(c%44ccc(C)s%44)c(F)c%42F)s%41)oc%40%37)cc%36,[R3]c%36sc(c%37c%38cc(C)oc%38c(c%39sc([R3])cc%39)c%40cc(c%41ccc(c%42c%43nn([R1])nc%43c(c%44ccc(C)s%44)c(F)c%42F)s%41)oc%40%37)cc%36,J81,,,
Cc%45sc%46c(c%47sc(SSCCCCCCCCCCCC)cc%47)c%48cc(c%49ccc(c%50c%51nn(CC(CCCCCC)CCCCCCCC)nc%51c(c%52ccc(C)s%52)c(F)c%50F)s%49)sc%48c(c%53sc(SSCCCCCCCCCCCC)cc%53)c%46c%45,Cc%45sc%46c(c%47sc(S[R5])cc%47)c%48cc(c%49ccc(c%50c%51nn([R1])nc%51c(c%52ccc(C)s%52)c(F)c%50F)s%49)sc%48c(c%53sc(S[R5])cc%53)c%46c%45,J61,,,
Cc%54sc%55c(c%56sc(SCC(CC)CCCC)cc%56)c%57cc(c%58ccc(c%59c%60nn(CC(CCCCCC)CCCCCCCC)nc%60c(c%61ccc(C)s%61)c(F)c%59F)s%58)sc%57c(c%62sc(SCC(CC)CCCC)cc%62)c%55c%54,Cc%54sc%55c(c%56sc(S[R4])cc%56)c%57cc(c%58ccc(c%59c%60nn([R1])nc%60c(c%61ccc(C)s%61)c(F)c%59F)s%58)sc%57c(c%62sc(S[R4])cc%62)c%55c%54,J60,,,
Cc%63sc%64c(OCC(CCCCCCCC)CCCCCCCCCC)c%65cc(c%66ccc(c%67c%68nn(CC(CC)CCCC)nc%68c(c%69ccc(C)s%69)c(F)c%67F)s%66)sc%65c(OCC(CCCCCCCC)CCCCCCCCCC)c%64c%63,Cc%63sc%64c(O[R6])c%65cc(c%66ccc(c%67c%68nn([R4])nc%68c(c%69ccc(C)s%69)c(F)c%67F)s%66)sc%65c(O[R6])c%64c%63,J40,,,
CC(CCCCCC)CCCCCCCCc%70sc(c%71c%72cc(C)sc%72c(c%73sc(CC(CCCCCC)CCCCCCCC)cc%73)c%74cc(c%75ccc(c%76c%77nn(CCCCCCCC)nc%77c(c%78ccc(C)s%78)c(F)c%76F)s%75)sc%74%71)cc%70,[R1]c%70sc(c%71c%72cc(C)sc%72c(c%73sc([R1])cc%73)c%74cc(c%75ccc(c%76c%77nn([R2])nc%77c(c%78ccc(C)s%78)c(F)c%76F)s%75)sc%74%71)cc%70,J51,,,
CC(CCCCCC)CCCCCCCCc%79sc(c%80c%81cc(C)sc%81c(c%82sc(CC(CCCCCC)CCCCCCCC)cc%82)c%83cc(c%84ccc(c%85c%86nn(CCCCCCCC)nc%86c(c%87ccc(C)s%87)cc%85)s%84)sc%83%80)cc%79,[R1]c%79sc(c%80c%81cc(C)sc%81c(c%82sc([R1])cc%82)c%83cc(c%84ccc(c%85c%86nn([R2])nc%86c(c%87ccc(C)s%87)cc%85)s%84)sc%83%80)cc%79,J50,,,
SCC(CCCCCC)CCCCc%88sc(c%89c%90cc(C)sc%90c(c%91sc(CC(CCCCCC)CCCCCCCC)cc%91)c%92cc(c%93ccc(c%94c%95nn(SCC(CCCCCC)CCCC)nc%95c(c%96ccc(C)s%96)c(F)c%94F)s%93)sc%92%89)cc%88,[R7]c%88sc(c%89c%90cc(C)sc%90c(c%91sc([R1])cc%91)c%92cc(c%93ccc(c%94c%95nn([R7])nc%95c(c%96ccc(C)s%96)c(F)c%94F)s%93)sc%92%89)cc%88,PSBZ,,,
SCC(CCCCCC)CCCCc%97sc(c%98c%99cc(C)sc%99c(c1sc(SCC(CCCCCC)CCCC)cc1)c1cc(c2c(CCCCCCCC)cc(c3c4nsnc4c(c4cc(CCCCCCCC)c(C)s4)c(F)c3F)s2)sc1%98)cc%97,[R7]c%97sc(c%98c%99cc(C)sc%99c(c1sc([R7])cc1)c1cc(c2c([R2])cc(c3c4nsnc4c(c4cc([R2])c(C)s4)c(F)c3F)s2)sc1%98)cc%97,PBDT-FBT,,,
Cc1sc2c(c3sc(SSCC(CCCCCC)CCCC)cc3)c3cc(c4c(CCCCCCCC)cc(c5c6nsnc6c(c6cc(CCCCCCCC)c(C)s6)c(F)c5F)s4)sc3c(c3sc(SSCC(CCCCCC)CCCC)cc3)c2c1,Cc1sc2c(c3sc(S[R7])cc3)c3cc(c4c([R2])cc(c5c6nsnc6c(c6cc([R2])c(C)s6)c(F)c5F)s4)sc3c(c3sc(S[R7])cc3)c2c1,PBDTS-FBT,,,
SCC(CCCCCC)CCCCc1sc(c2c3cc(C)sc3c(c3sc(S)c(F)c3)c3cc(c4c(CCCCCCCC)cc(c5c6nsnc6c(c6cc(CCCCCCCC)c(C)s6)c(F)c5F)s4)sc32)cc1F,[R7]c1sc(c2c3cc(C)sc3c(c3sc(S)c(F)c3)c3cc(c4c([R2])cc(c5c6nsnc6c(c6cc([R2])c(C)s6)c(F)c5F)s4)sc32)cc1F,PBDTF-FBT,,,
Cc1sc2c(c3sc(SSCC(CCCCCC)CCCC)c(F)c3)c3cc(c4c(CCCCCCCC)cc(c5c6nsnc6c(c6cc(CCCCCCCC)c(C)s6)c(F)c5F)s4)sc3c(c3sc(SSCC(CCCCCC)CCCC)c(F)c3)c2c1,Cc1sc2c(c3sc(S[R7])c(F)c3)c3cc(c4c([R2])cc(c5c6nsnc6c(c6cc([R2])c(C)s6)c(F)c5F)s4)sc3c(c3sc(S[R7])c(F)c3)c2c1,PBDTSF-FBT,,,
CC(CC)CCCCc1sc(c2c3cc(C)sc3c(c3sc(CC(CC)CCCC)c(F)c3)c3cc(c4ccc(c5c6nn(CC(CCCCCC)CCCCCCCC)nc6c(c6ccc(C)s6)c(F)c5F)s4)sc32)cc1F,[R4]c1sc(c2c3cc(C)sc3c(c3sc([R4])c(F)c3)c3cc(c4ccc(c5c6nn([R1])nc6c(c6ccc(C)s6)c(F)c5F)s4)sc32)cc1F,J52-F,,,
Cc1sc2c(c3sc(SCC(CC)CCCC)c(F)c3)c3cc(c4ccc(c5c6nn(CC(CCCCCC)CCCCCCCC)nc6c(c6ccc(C)s6)c(F)c5F)s4)sc3c(c3sc(SCC(CC)CCCC)c(F)c3)c2c1,Cc1sc2c(c3sc(S[R4])c(F)c3)c3cc(c4ccc(c5c6nn([R1])nc6c(c6ccc(C)s6)c(F)c5F)s4)sc3c(c3sc(S[R4])c(F)c3)c2c1,J52-FS,,,
Cc1sc2c(c3sc(SSCCCCCCCCCCCC)cc3)c3cc(c4ccc(c5c6nn(CC(CCCCCC)CCCCCCCC)nc6c(c6ccc(C)o6)c(F)c5F)o4)sc3c(c3sc(SSCCCCCCCCCCCC)cc3)c2c1,Cc1sc2c(c3sc(S[R5])cc3)c3cc(c4ccc(c5c6nn([R1])nc6c(c6ccc(C)o6)c(F)c5F)o4)sc3c(c3sc(S[R5])cc3)c2c1,J61-F,,,
[Si](CC)(CC)(CC)c1sc(c2c3cc(C)sc3c(c3sc([Si](CC)(CC)(CC))cc3)c3cc(c4ccc(c5c6nn(CC(CCCCCC)CCCCCCCC)nc6c(c6ccc(C)s6)c(F)c5F)s4)sc32)cc1,[R8]c1sc(c2c3cc(C)sc3c(c3sc([R8])cc3)c3cc(c4ccc(c5c6nn([R1])nc6c(c6ccc(C)s6)c(F)c5F)s4)sc32)cc1,J70,,,
[Si](C(C)C)(C(C)C)C(C)Cc1sc(c2c3cc(C)sc3c(c3sc([Si](C(C)C)(C(C)C)C(C)C)cc3)c3cc(c4ccc(c5c6nn(CC(CCCCCC)CCCCCCCC)nc6c(c6ccc(C)s6)c(F)c5F)s4)sc32)cc1,[R9]c1sc(c2c3cc(C)sc3c(c3sc([R9])cc3)c3cc(c4ccc(c5c6nn([R1])nc6c(c6ccc(C)s6)c(F)c5F)s4)sc32)cc1,J72,,,
[Si](CCCC)(CCCC)(CCCC)c1sc(c2c3cc(C)sc3c(c3sc([Si](CCCC)(CCCC)(CCCC))cc3)c3cc(c4ccc(c5c6nn(CC(CCCCCC)CCCCCCCC)nc6c(c6ccc(C)s6)c(F)c5F)s4)sc32)cc1,[R10]c1sc(c2c3cc(C)sc3c(c3sc([R10])cc3)c3cc(c4ccc(c5c6nn([R1])nc6c(c6ccc(C)s6)c(F)c5F)s4)sc32)cc1,J73,,,
[Si](C)(C)CCCCCCCCc1sc(c2c3cc(C)sc3c(c3sc([Si](C)(C)CCCCCCCC)cc3)c3cc(c4ccc(c5c6nn(CC(CCCCCC)CCCCCCCC)nc6c(c6ccc(C)s6)c(F)c5F)s4)sc32)cc1,[R11]c1sc(c2c3cc(C)sc3c(c3sc([R11])cc3)c3cc(c4ccc(c5c6nn([R1])nc6c(c6ccc(C)s6)c(F)c5F)s4)sc32)cc1,J74,,,
Cc1sc2c(c3sc(SCCCCCCCC)cc3)c3cc(c4ccc(c5c6nn(CC(CCCCCC)CCCCCCCC)nc6c(c6ccc(C)s6)c(F)c5F)s4)sc3c(c3sc(SCCCCCCCC)cc3)c2c1,Cc1sc2c(c3sc(S[R2])cc3)c3cc(c4ccc(c5c6nn([R1])nc6c(c6ccc(C)s6)c(F)c5F)s4)sc3c(c3sc(S[R2])cc3)c2c1,J62,,,
Cc1sc2c(c3sc(SSCCCCC=C)cc3)c3cc(c4ccc(c5c6nn(CC(CCCCCC)CCCCCCCC)nc6c(c6ccc(C)s6)c(F)c5F)s4)sc3c(c3sc(SSCCCCC=C)cc3)c2c1,Cc1sc2c(c3sc(S[R12])cc3)c3cc(c4ccc(c5c6nn([R1])nc6c(c6ccc(C)s6)c(F)c5F)s4)sc3c(c3sc(S[R12])cc3)c2c1,J63,,,
Cc1sc2c(c3sc(SSCC4CCCCC4)cc3)c3cc(c4ccc(c5c6nn(CC(CCCCCC)CCCCCCCC)nc6c(c6ccc(C)s6)c(F)c5F)s4)sc3c(c3sc(SSCC4CCCCC4)cc3)c2c1,Cc1sc2c(c3sc(S[R13])cc3)c3cc(c4ccc(c5c6nn([R1])nc6c(c6ccc(C)s6)c(F)c5F)s4)sc3c(c3sc(S[R13])cc3)c2c1,J64,,,
Cc1sc2c(OCC(CC)CCCC)c3cc(c4ccc(c5c6nsnc6c(c6ccc(C)s6)c(OCCCCCCCC)c5OCCCCCCCC)s4)sc3c(OCC(CC)CCCC)c2c1,Cc1sc2c(O[R4])c3cc(c4ccc(c5c6nsnc6c(c6ccc(C)s6)c(O[R2])c5O[R2])s4)sc3c(O[R4])c2c1,PBDT-DODTBT,,,
Cc1sc2c(OSCCCCCCCCCCCC)c3cc(c4ccc(c5c6nsnc6c(c6ccc(C)s6)c(OCCCCCCCC)c5OCCCCCCCC)s4)sc3c(OSCCCCCCCCCCCC)c2c1,Cc1sc2c(O[R5])c3cc(c4ccc(c5c6nsnc6c(c6ccc(C)s6)c(O[R2])c5O[R2])s4)sc3c(O[R5])c2c1,PBDT-TBT,"not in drive, not in literature",,
Cc1sc2c(OSCCCCCCCCCCCC)c3cc(c4c(CCCCCC)cc(c5c6nsnc6c(c6cc(CCCCCC)c(C)s6)c(OCCCCCCCC)c5OCCCCCCCC)s4)sc3c(OSCCCCCCCCCCCC)c2c1,Cc1sc2c(O[R5])c3cc(c4c([R14])cc(c5c6nsnc6c(c6cc([R14])c(C)s6)c(O[R2])c5O[R2])s4)sc3c(O[R5])c2c1,PBDT-TBT-C6,,,
Cc1sc2c(OSCCCCCCCCCCCC)c3cc(c4c(CCCCCCCC)cc(c5c6nsnc6c(c6cc(CCCCCCCC)c(C)s6)c(OCCCCCCCC)c5OCCCCCCCC)s4)sc3c(OSCCCCCCCCCCCC)c2c1,Cc1sc2c(O[R5])c3cc(c4c([R2])cc(c5c6nsnc6c(c6cc([R2])c(C)s6)c(O[R2])c5O[R2])s4)sc3c(O[R5])c2c1,PBDT-TBT-C8,,,
Cc1sc2c(OSCCCCCCCCCCCC)c3cc(c4c(CCCCCCCCCC)cc(c5c6nsnc6c(c6cc(CCCCCCCCCC)c(C)s6)c(OCCCCCCCC)c5OCCCCCCCC)s4)sc3c(OSCCCCCCCCCCCC)c2c1,Cc1sc2c(O[R5])c3cc(c4c([R15])cc(c5c6nsnc6c(c6cc([R15])c(C)s6)c(O[R2])c5O[R2])s4)sc3c(O[R5])c2c1,PBDT-TBT-C10,,,
Cc1sc2c(OSCCCCCCCCCCCC)c3cc(c4c(SCCCCCCCCCCCC)cc(c5c6nsnc6c(c6cc(SCCCCCCCCCCCC)c(C)s6)c(OCCCCCCCC)c5OCCCCCCCC)s4)sc3c(OSCCCCCCCCCCCC)c2c1,Cc1sc2c(O[R5])c3cc(c4c([R5])cc(c5c6nsnc6c(c6cc([R5])c(C)s6)c(O[R2])c5O[R2])s4)sc3c(O[R5])c2c1,PBDT-TBT-C12,,,
Cc1sc2c(c3sc(CCCCCCCC)c(CCCCCCCC)c3)c3cc(c4c5nsnc5c(C)c(F)c4F)sc3c(c3sc(CCCCCCCC)c(CCCCCCCC)c3)c2c1,Cc1sc2c(c3sc([R2])c([R2])c3)c3cc(c4c5nsnc5c(C)c(F)c4F)sc3c(c3sc([R2])c([R2])c3)c2c1,P0T,,,
Cc1sc2c(c3sc(CCCCCCCC)c(CCCCCCCC)c3)c3cc(c4ccc(c5c(F)c(F)c(C)c6c5nsn6)s4)sc3c(c3sc(CCCCCCCC)c(CCCCCCCC)c3)c2c1,Cc1sc2c(c3sc([R2])c([R2])c3)c3cc(c4ccc(c5c(F)c(F)c(C)c6c5nsn6)s4)sc3c(c3sc([R2])c([R2])c3)c2c1,P1T,,,
Cc1sc2c(c3sc(CCCCCCCC)c(CCCCCCCC)c3)c3cc(c4ccc(c5c(F)c(F)c(c6ccc(C)s6)c6c5nsn6)s4)sc3c(c3sc(CCCCCCCC)c(CCCCCCCC)c3)c2c1,Cc1sc2c(c3sc([R2])c([R2])c3)c3cc(c4ccc(c5c(F)c(F)c(c6ccc(C)s6)c6c5nsn6)s4)sc3c(c3sc([R2])c([R2])c3)c2c1,P2T,,,
Cc1sc2c(c3sc(CC(CC)CCCC)cc3)c3cc(c4cc(C(OSCC(CCCCCC)CCCC)=O)c(c5sc(C)cc5)s4)sc3c(c3sc(CC(CC)CCCC)cc3)c2c1,Cc1sc2c(c3sc([R4])cc3)c3cc(c4cc(C(O[R7])=O)c(c5sc(C)cc5)s4)sc3c(c3sc([R4])cc3)c2c1,PBDT-2TC,,,
Cc1sc2c(c3sc(SCC(CC)CCCC)cc3)c3cc(c4cc(C(OSCC(CCCCCC)CCCC)=O)c(c5sc(C)cc5)s4)sc3c(c3sc(SCC(CC)CCCC)cc3)c2c1,Cc1sc2c(c3sc(S[R4])cc3)c3cc(c4cc(C(O[R7])=O)c(c5sc(C)cc5)s4)sc3c(c3sc(S[R4])cc3)c2c1,PBDT-S-2TC,,,
SCC(CCCCCC)CCCCc1sc(c2c3cc(C)sc3c(c3sc(SCC(CCCCCC)CCCC)cc3)c3cc(c4c(CCCCCCCC)cc(c5sc(c6cc(CCCCCCCC)c(C)s6)nn5)s4)sc32)cc1,[R7]c1sc(c2c3cc(C)sc3c(c3sc([R7])cc3)c3cc(c4c([R2])cc(c5sc(c6cc([R2])c(C)s6)nn5)s4)sc32)cc1,PBDT-TDZ,,,
Cc1sc2c(c3sc(SSCC(CCCCCC)CCCC)cc3)c3cc(c4c(CCCCCCCC)cc(c5sc(c6cc(CCCCCCCC)c(C)s6)nn5)s4)sc3c(c3sc(SSCC(CCCCCC)CCCC)cc3)c2c1,Cc1sc2c(c3sc(S[R7])cc3)c3cc(c4c([R2])cc(c5sc(c6cc([R2])c(C)s6)nn5)s4)sc3c(c3sc(S[R7])cc3)c2c1,PBDTS-TDZ,,,
Cc1sc2c(c3sc(SCC(CC)CCCC)cc3)c3cc(C)sc3c(c3sc(SCC(CC)CCCC)cc3)c2c1,Cc1sc2c(c3sc(S[R4])cc3)c3cc(C)sc3c(c3sc(S[R4])cc3)c2c1,S-PBDT,,,
Cc1sc2c(OCC(CC)CCCC)c3cc(c4ccc(c5c6nonc6c(c6ccc(C)o6)c(OCCCCCCCC)c5OCCCCCCCC)o4)sc3c(OCC(CC)CCCC)c2c1,Cc1sc2c(O[R4])c3cc(c4ccc(c5c6nonc6c(c6ccc(C)o6)c(O[R2])c5O[R2])o4)sc3c(O[R4])c2c1,PBDT-DFBO,,,
Cc1sc2c(c3sc(CC(CC)CCCC)cc3)c3cc(c4ccc(c5c6nonc6c(c6ccc(C)o6)c(OCCCCCCCC)c5OCCCCCCCC)o4)sc3c(c3sc(CC(CC)CCCC)cc3)c2c1,Cc1sc2c(c3sc([R4])cc3)c3cc(c4ccc(c5c6nonc6c(c6ccc(C)o6)c(O[R2])c5O[R2])o4)sc3c(c3sc([R4])cc3)c2c1,PBDTT-DFBO,,,
Cc1sc2c(c3oc(CC(CC)CCCC)cc3)c3cc(c4ccc(c5c6nonc6c(c6ccc(C)o6)c(OCCCCCCCC)c5OCCCCCCCC)o4)sc3c(c3oc(CC(CC)CCCC)cc3)c2c1,Cc1sc2c(c3oc([R4])cc3)c3cc(c4ccc(c5c6nonc6c(c6ccc(C)o6)c(O[R2])c5O[R2])o4)sc3c(c3oc([R4])cc3)c2c1,PBDTF-DFBO,,,
Cc1sc2c(c3sc(CCCCCCCCCC)c(CCCCCCCCCC)c3)c3cc(c4c(CCCCCC)cc(c5ccc(c6cc(CCCCCC)c(C)s6)c6c5nsn6)s4)sc3c(c3sc(CCCCCCCCCC)c(CCCCCCCCCC)c3)c2c1,Cc1sc2c(c3sc([R15])c([R15])c3)c3cc(c4c([R14])cc(c5ccc(c6cc([R14])c(C)s6)c6c5nsn6)s4)sc3c(c3sc([R15])c([R15])c3)c2c1,PBDT-DTBT,,,
Cc1sc2c(OCCCCCCCC)c3cc(c4c5nonc5c(C)c(OCCCCCCCCCC)c4OCCCCCCCCCC)sc3c(OCCCCCCCC)c2c1,Cc1sc2c(O[R2])c3cc(c4c5nonc5c(C)c(O[R15])c4O[R15])sc3c(O[R2])c2c1,PBDT-BX,,,
Cc1sc2c(OCCCCCCCC)c3cc(c4sc(c5c6nonc6c(c6ccc(C)s6)c(OCCCCCCCCCC)c5OCCCCCCCCCC)cc4)sc3c(OCCCCCCCC)c2c1,Cc1sc2c(O[R2])c3cc(c4sc(c5c6nonc6c(c6ccc(C)s6)c(O[R15])c5O[R15])cc4)sc3c(O[R2])c2c1,PBDT-DTBX,,,
Cc1sc2c(SCC(CCCCCC)CCCC)c3cc(c4ccc(c5c6nn(SCC(CCCCCC)CCCC)nc6c(c6ccc(C)s6)c(F)c5F)s4)sc3c(SCC(CCCCCC)CCCC)c2c1,Cc1sc2c([R7])c3cc(c4ccc(c5c6nn([R7])nc6c(c6ccc(C)s6)c(F)c5F)s4)sc3c([R7])c2c1,FTAZ,,,
Cc1sc2c(c3cc(OCC(CC)CCCC)ccc3)c3cc(c4ccc(c5c6nn(CC(CCCCCC)CCCCCCCC)nc6c(c6ccc(C)s6)c(F)c5F)s4)sc3c(c3cc(OCC(CC)CCCC)ccc3)c2c1,Cc1sc2c(c3cc(O[R4])ccc3)c3cc(c4ccc(c5c6nn([R1])nc6c(c6ccc(C)s6)c(F)c5F)s4)sc3c(c3cc(O[R4])ccc3)c2c1,PBFZ-OP,,,
Cc1sc2c(OCC(CC)CCCC)c3cc(c4ccc(C)s4)sc3c(OCC(CC)CCCC)c2c1,Cc1sc2c(O[R4])c3cc(c4ccc(C)s4)sc3c(O[R4])c2c1,PBDT[2H]T,,,
Cc1sc2c(OCC(CC)CCCC)c3cc(c4c(F)c(F)c(C)s4)sc3c(OCC(CC)CCCC)c2c1,Cc1sc2c(O[R4])c3cc(c4c(F)c(F)c(C)s4)sc3c(O[R4])c2c1,PBDT[2F]T,,,
Cc1sc2c(c3sc(CC(CC)CCCC)cc3)c3cc(c4c(F)c(F)c(C)s4)sc3c(c3sc(CC(CC)CCCC)cc3)c2c1,Cc1sc2c(c3sc([R4])cc3)c3cc(c4c(F)c(F)c(C)s4)sc3c(c3sc([R4])cc3)c2c1,PBDT(T)[2F]T,,,
Cc1sc2c(OCC(CCCCCCCC)CCCCCCCCCC)c3cc(c4c(CC(CC)CCCC)cc(c5c(F)c(F)c(c6cc(CC(CC)CCCC)c(C)s6)c6c5nsn6)s4)sc3c(c3c4ccccc4ccc3)c2c1,Cc1sc2c(O[R6])c3cc(c4c([R4])cc(c5c(F)c(F)c(c6cc([R4])c(C)s6)c6c5nsn6)s4)sc3c(c3c4ccccc4ccc3)c2c1,PBDTaNPFBT,,,
Cc1sc2c(OCC(CCCCCCCC)CCCCCCCCCC)c3cc(c4c(CC(CC)CCCC)cc(c5c(F)c(F)c(c6cc(CC(CC)CCCC)c(C)s6)c6c5nsn6)s4)sc3c(c3cc4ccccc4cc3)c2c1,Cc1sc2c(O[R6])c3cc(c4c([R4])cc(c5c(F)c(F)c(c6cc([R4])c(C)s6)c6c5nsn6)s4)sc3c(c3cc4ccccc4cc3)c2c1,PBDTbNPFBT,,,
Cc1sc2cc3cc(c4sc(c5c6nsnc6c(c6cc(CC(CCCCCCCC)CCCCCCCCCC)c(C)s6)c(F)c5F)cc4CC(CCCCCCCC)CCCCCCCCCC)sc3cc2c1,Cc1sc2cc3cc(c4sc(c5c6nsnc6c(c6cc([R6])c(C)s6)c(F)c5F)cc4[R6])sc3cc2c1,PBDT-DTffBT,"not in drive, same as literature",uppercase FF,
Cc1sc2c(OCC(CC)CCCC)c3cc(C)sc3c(OCC(CC)CCCC)c2c1,Cc1sc2c(O[R4])c3cc(C)sc3c(O[R4])c2c1,O-PBDT,,,
Cc1sc2c(OCC(CC)CCCC)c3cc(c4sc5c(SCC(CC)CCCC)c6cc(C)sc6c(SCC(CC)CCCC)c5c4)sc3c(OCC(CC)CCCC)c2c1,Cc1sc2c(O[R4])c3cc(c4sc5c(S[R4])c6cc(C)sc6c(S[R4])c5c4)sc3c(O[R4])c2c1,SO-PBDT,,,
Cc1sc2c(OCC(CC)CCCC)c3cc(c4sc5c(C6=CC=C(C(CC(CC)CCCC)=O)C6)c6cc(C)sc6c(c6sc(C(CC(CC)CCCC)=O)cc6)c5c4)sc3c(OCC(CC)CCCC)c2c1,Cc1sc2c(O[R4])c3cc(c4sc5c(C6=CC=C(C([R4])=O)C6)c6cc(C)sc6c(c6sc(C([R4])=O)cc6)c5c4)sc3c(O[R4])c2c1,PBDT-KTBDT,,,
Cc1sc2c(OCC(CCCCCCCC)CCCCCCCCCC)c3cc(c4c5nsnc5c(C)c(OSCCCCCCCCCCCC)c4OSCCCCCCCCCCCC)sc3c(OCC(CCCCCCCC)CCCCCCCCCC)c2c1,Cc1sc2c(O[R6])c3cc(c4c5nsnc5c(C)c(O[R5])c4O[R5])sc3c(O[R6])c2c1,PBDT-ROBT,,,
Cc1sc2c(OCC(CCCCCCCC)CCCCCCCCCC)c3cc(c4ccc(c5sc(c6c7nsnc7c(c7sc(c8ccc(C)s8)cc7)c(OSCCCCCCCCCCCC)c6OSCCCCCCCCCCCC)cc5)s4)sc3c(OCC(CCCCCCCC)CCCCCCCCCC)c2c1,Cc1sc2c(O[R6])c3cc(c4ccc(c5sc(c6c7nsnc7c(c7sc(c8ccc(C)s8)cc7)c(O[R5])c6O[R5])cc5)s4)sc3c(O[R6])c2c1,PBDT-2T-ROBT,,,
CC(CCCCCCCC)CCCCCCCCCCOc1c2cc(C)sc2c(OCC(CCCCCCCC)CCCCCCCCCC)c2cc(c3c(c4ccc(CCCCCC)s4)cc(c4c5nsnc5c(c5cc(c6sc(CCCCCC)cc6)c(C)s5)cc4)s3)sc21,[R6]Oc1c2cc(C)sc2c(O[R6])c2cc(c3c(c4ccc([R14])s4)cc(c4c5nsnc5c(c5cc(c6sc([R14])cc6)c(C)s5)cc4)s3)sc21,PBDT-DTTBT,,,
Cc1ccc(c2c3nsnc3c(c3ccc(c4sc5c(c6sc(CC(CC)CCCC)cc6)c6cc(C)sc6c(c6sc(CC(CC)CCCC)cc6)c5c4)s3)c(OCC(CC)CCCC)c2OCC(CC)CCCC)s1,Cc1ccc(c2c3nsnc3c(c3ccc(c4sc5c(c6sc([R4])cc6)c6cc(C)sc6c(c6sc([R4])cc6)c5c4)s3)c(O[R4])c2O[R4])s1,PBDT-TBT,"not in drive, same as literature",,
Cc1cc2sc(c3c4nsnc4c(c4sc5cc(c6sc7c(c8sc(CC(CC)CCCC)cc8)c8cc(C)sc8c(c8sc(CC(CC)CCCC)cc8)c7c6)sc5c4)c(OSCC(CCCCCC)CCCC)c3OSCC(CCCCCC)CCCC)cc2s1,Cc1cc2sc(c3c4nsnc4c(c4sc5cc(c6sc7c(c8sc([R4])cc8)c8cc(C)sc8c(c8sc([R4])cc8)c7c6)sc5c4)c(O[R7])c3O[R7])cc2s1,PBDT-TTBT,,,
CCCCC(CC)COC(=O)c1c(-c2ccc(C)s2)sc2c(C(=O)OCC(CC)CCCC)c(-c3ccc(-c4cc5c(-c6ccc(CC(CC)CCCC)s6)c6sc(C)cc6c(-c6ccc(CC(CC)CCCC)s6)c5s4)s3)sc12,CCCCC(CC)COC(=O)c1c(-c2ccc(C)s2)sc2c(C(=O)OCC(CC)CCCC)c(-c3ccc(-c4cc5c(-c6ccc(CC(CC)CCCC)s6)c6sc(C)cc6c(-c6ccc(CC(CC)CCCC)s6)c5s4)s3)sc12,PBDT-TT,,,
Cc1sc2c(OSCCCCCCCCCCCC)c3cc(c4cc5sc(C)c([R18])c5s4)sc3c(OSCCCCCCCCCCCC)c2c1,Cc1sc2c(O[R5])c3cc(c4cc5sc(C)c([R18])c5s4)sc3c(O[R5])c2c1,PBDT-TT,wrong structure,,
Cc1sc2c(OSCCCCCCCCCCCC)c3cc(c4c5nsnc5c(C)c(OCCCCCCCC)c4OCCCCCCCC)sc3c(OSCCCCCCCCCCCC)c2c1,Cc1sc2c(O[R5])c3cc(c4c5nsnc5c(C)c(O[R2])c4O[R2])sc3c(O[R5])c2c1,PBDT-BT,,DUPE W DIFF STRUCTURE,
Cc1sc2c(OSCCCCCCCCCCCC)c3cc(c4c([R18])c5sc(c6c7nsnc7c(c7sc8c([R18])c(C)sc8c7)c(OCCCCCCCC)c6OCCCCCCCC)cc5s4)sc3c(OSCCCCCCCCCCCC)c2c1,Cc1sc2c(O[R5])c3cc(c4c([R18])c5sc(c6c7nsnc7c(c7sc8c([R18])c(C)sc8c7)c(O[R2])c6O[R2])cc5s4)sc3c(O[R5])c2c1,PBDT-TTBTT,,,
Cc1c(CCCCCC)cc(c2c3nsnc3c(c3cc(CCCCCC)c(c4sc5c(c6sc(CC(CC)CCCC)cc6)c6cc(C)sc6c(c6sc(CC(CC)CCCC)cc6)c5c4)s3)c(F)c2F)s1,Cc1c([R14])cc(c2c3nsnc3c(c3cc([R14])c(c4sc5c(c6sc([R4])cc6)c6cc(C)sc6c(c6sc([R4])cc6)c5c4)s3)c(F)c2F)s1,PBDTTEH-DTHBTff,,,
Cc1c(CC(CC)CCCC)cc(c2c3nsnc3c(c3cc(CC(CC)CCCC)c(c4sc5c(c6sc(CC(CC)CCCC)cc6)c6cc(C)sc6c(c6sc(CC(CC)CCCC)cc6)c5c4)s3)c(F)c2F)s1,Cc1c([R4])cc(c2c3nsnc3c(c3cc([R4])c(c4sc5c(c6sc([R4])cc6)c6cc(C)sc6c(c6sc([R4])cc6)c5c4)s3)c(F)c2F)s1,PBDTTEH-DTEHBTff,,,
Cc1c(CCCCCC)cc(c2c3nsnc3c(c3cc(CCCCCC)c(c4sc5c(OCC(CCCCCC)CCCCCCCC)c6cc(C)sc6c(OCC(CCCCCC)CCCCCCCC)c5c4)s3)c(F)c2F)s1,Cc1c([R14])cc(c2c3nsnc3c(c3cc([R14])c(c4sc5c(O[R1])c6cc(C)sc6c(O[R1])c5c4)s3)c(F)c2F)s1,PBDTTDD-DTHBTff,,,
Cc1sc2c(OCCCCCCCCCCCCCCCC)c3cc(c4c(CCCCCCCCCCC)c5sc(c6ccc(c7cc8sc(C)c(CCCCCCCCCCC)c8s7)c7c6nsn7)cc5s4)sc3c(OCCCCCCCCCCCCCCCC)c2c1,Cc1sc2c(O[R19])c3cc(c4c([R20])c5sc(c6ccc(c7cc8sc(C)c([R20])c8s7)c7c6nsn7)cc5s4)sc3c(O[R19])c2c1,PBDT-tt-BT,,,
Cc1ccc2c3ccc(c4c(CCCCCCCCCCC)c5sc(c6ccc(c7cc8sc(C)c(CCCCCCCCCCC)c8s7)c7c6nsn7)cc5s4)cc3n(C(CCCCCCCCC)CCCCCCC)c2c1,Cc1ccc2c3ccc(c4c([R20])c5sc(c6ccc(c7cc8sc(C)c([R20])c8s7)c7c6nsn7)cc5s4)cc3n([R21])c2c1,PC-tt-BT,,,
Cc1ccc(c2ccc(c3c(CCCCCCCCCCC)c4sc(c5ccc(c6cc7sc(C)c(CCCCCCCCCCC)c7s6)c6c5nsn6)cc4s3)cc2C2(CCCCCCCC)CCCCCCCC)c2c1,Cc1ccc(c2ccc(c3c([R20])c4sc(c5ccc(c6cc7sc(C)c([R20])c7s6)c6c5nsn6)cc4s3)cc2C2([R2])[R2])c2c1,PF-tt-BT,,,
Cc1ccc(c2c3nn(CC(CC)CCCC)nc3c(c3ccc(c4sc5c(OCC(CC)CCCC)c6cc(C)sc6c(OCC(CC)CCCC)c5c4)s3)cc2)s1,Cc1ccc(c2c3nn([R4])nc3c(c3ccc(c4sc5c(O[R4])c6cc(C)sc6c(O[R4])c5c4)s3)cc2)s1,PBDT-DTBTz,,,
Cc1ccc2c3ccc(c4ccc(c5c6nn(CC(CC)CCCC)nc6c(c6ccc(C)s6)cc5)s4)cc3n(CCCCCCCC)c2c1,Cc1ccc2c3ccc(c4ccc(c5c6nn([R4])nc6c(c6ccc(C)s6)cc5)s4)cc3n([R2])c2c1,PC-DTBTz,,,
Cc1sc2c(OCC(CC)CCCC)c3cc(c4c(SCCCCCCCCCCCC)cc(c5sc(C)c(SCCCCCCCCCCCC)c5)s4)sc3c(OCC(CC)CCCC)c2c1,Cc1sc2c(O[R4])c3cc(c4c([R5])cc(c5sc(C)c([R5])c5)s4)sc3c(O[R4])c2c1,PBDT-BT,"not in drive, same as literature",DUPE W DIFF STRUCTURE,https://www.sciencedirect.com/science/article/pii/S0379677918302212
Cc1c(CCCCCCCC)cc(c2c3nsnc3c(c3cc(CCCCCCCC)c(c4sc5c(OCC(CC)CCCC)c6cc(C)sc6c(OCC(CC)CCCC)c5c4)s3)c(F)c2F)s1,Cc1c([R2])cc(c2c3nsnc3c(c3cc([R2])c(c4sc5c(O[R4])c6cc(C)sc6c(O[R4])c5c4)s3)c(F)c2F)s1,PBDT-DTffBT,,lowercase ff,
Cc1c(CCCCCCCC)cc(c2c3nsnc3c(c3cc(CCCCCCCC)c(c4ccc(c5ccc(C)cc5C5(CCCCCCCC)CCCCCCCC)c5c4)s3)c(F)c2F)s1,Cc1c([R2])cc(c2c3nsnc3c(c3cc([R2])c(c4ccc(c5ccc(C)cc5C5([R2])[R2])c5c4)s3)c(F)c2F)s1,PF-DTffBT,,,
CCCCCCCCc1cc(c2c3nsnc3c(c3cc(CCCCCCCC)c(c4sc5c(OCC(CC)CCCC)c6cc(C)sc6c(OCC(CC)CCCC)c5c4)s3)c(F)c2F)sc1c1cc2c(c3ccc(c4c(CCCCCCCC)cc(c5c6nsnc6c(c6cc(CCCCCCCC)c(C)s6)c(F)c5F)s4)cc3C2(CCCCCCCC)CCCCCCCC)cc1,[R2]c1cc(c2c3nsnc3c(c3cc([R2])c(c4sc5c(O[R4])c6cc(C)sc6c(O[R4])c5c4)s3)c(F)c2F)sc1c1cc2c(c3ccc(c4c([R2])cc(c5c6nsnc6c(c6cc([R2])c(C)s6)c(F)c5F)s4)cc3C2([R2])[R2])cc1,PBDT-DTffBT-F-DTffBT,,,
CC(CCCCCCCC)CCCCCCCCCCc1cc(c2c3nsnc3c(c3cc(CC(CCCCCCCC)CCCCCCCCCC)c(C)s3)c(F)c2F)sc1c1sc(c2ccc(C)s2)cc1,[R6]c1cc(c2c3nsnc3c(c3cc([R6])c(C)s3)c(F)c2F)sc1c1sc(c2ccc(C)s2)cc1,PffBT4T-2OD,,DUPE W SAME STRUCTURE,
Cc1ccc(c2c3nsnc3c(c3ccc(c4sc5c(c6cc(F)c(CC(CC)CCCC)c(F)c6)c6cc(C)sc6c(c6cc(F)c(CC(CC)CCCC)c(F)c6)c5c4)s3)c(OSCCCCCCCCCCCC)c2OSCCCCCCCCCCCC)s1,Cc1ccc(c2c3nsnc3c(c3ccc(c4sc5c(c6cc(F)c([R4])c(F)c6)c6cc(C)sc6c(c6cc(F)c([R4])c(F)c6)c5c4)s3)c(O[R5])c2O[R5])s1,PRFBDT-BZS,,,
Cc1sc2c(c3sc(CC(CC)CCCC)cc3)c3cc(c4ccc(c5c6nc(c7cc(OCCCCCCCC)ccc7)c(c7cccc(OCCCCCCCC)c7)nc6c(c6ccc(C)s6)cc5)s4)sc3c(c3sc(CC(CC)CCCC)cc3)c2c1,Cc1sc2c(c3sc([R4])cc3)c3cc(c4ccc(c5c6nc(c7cc(O[R2])ccc7)c(c7cccc(O[R2])c7)nc6c(c6ccc(C)s6)cc5)s4)sc3c(c3sc([R4])cc3)c2c1,PBQ-0F,,,
Cc1sc2c(c3sc(CC(CC)CCCC)cc3)c3cc(c4ccc(c5c6nc(c7cc(OCCCCCCCC)ccc7)c(c7cccc(OCCCCCCCC)c7)nc6c(c6ccc(C)s6)c(F)c5F)s4)sc3c(c3sc(CC(CC)CCCC)cc3)c2c1,Cc1sc2c(c3sc([R4])cc3)c3cc(c4ccc(c5c6nc(c7cc(O[R2])ccc7)c(c7cccc(O[R2])c7)nc6c(c6ccc(C)s6)c(F)c5F)s4)sc3c(c3sc([R4])cc3)c2c1,PBQ-QF,,,
Cc1sc2c(c3sc(CC(CC)CCCC)c(F)c3)c3cc(c4ccc(c5c6nc(c7cc(OCCCCCCCC)ccc7)c(c7cccc(OCCCCCCCC)c7)nc6c(c6ccc(C)s6)c(F)c5F)s4)sc3c(c3sc(CC(CC)CCCC)c(F)c3)c2c1,Cc1sc2c(c3sc([R4])c(F)c3)c3cc(c4ccc(c5c6nc(c7cc(O[R2])ccc7)c(c7cccc(O[R2])c7)nc6c(c6ccc(C)s6)c(F)c5F)s4)sc3c(c3sc([R4])c(F)c3)c2c1,PBQ-4F,has same name to structure beside it,,
Cc1sc2c(c3sc(CC(CC)CCCC)c(F)c3)c3cc(c4ccc(c5c6nn(CC(CCCCCC)CCCCCCCC)nc6c(c6ccc(C)s6)c(F)c5F)s4)sc3c(c3sc(CC(CC)CCCC)c(F)c3)c2c1,Cc1sc2c(c3sc([R4])c(F)c3)c3cc(c4ccc(c5c6nn([R1])nc6c(c6ccc(C)s6)c(F)c5F)s4)sc3c(c3sc([R4])c(F)c3)c2c1,J52-F,wrong structure,,
Cc1sc2c(c3sc(CC(CC)CCCC)cc3)c3cc(c4ccc(c5sc(c6ccc(C)s6)c6c5C(c5c(CC(CC)CCCC)sc(CC(CC)CCCC)c5C6=O)=O)s4)sc3c(c3sc(CC(CC)CCCC)cc3)c2c1,Cc1sc2c(c3sc([R4])cc3)c3cc(c4ccc(c5sc(c6ccc(C)s6)c6c5C(c5c([R4])sc([R4])c5C6=O)=O)s4)sc3c(c3sc([R4])cc3)c2c1,PBDB-T,,,
Cc1sc2c(c3sc(CC(CC)CCCC)c(F)c3)c3cc(c4ccc(c5sc(c6cccs6)c6c5C(c5c(CC(CC)CCCC)sc(CC(CC)CCCC)c5C6=O)=O)s4)sc3c(c3sc(CC(CC)CCCC)c(F)c3)c2c1,Cc1sc2c(c3sc([R4])c(F)c3)c3cc(c4ccc(c5sc(c6cccs6)c6c5C(c5c([R4])sc([R4])c5C6=O)=O)s4)sc3c(c3sc([R4])c(F)c3)c2c1,PBDB-T-SF,,,
Cc1ccc2c(c1)n(CCCCCCCC)c1c2ccc(c2ccc(c3c4nsnc4c(c4ccc(C)s4)c(OSCCCCCCCCCCCC)c3OSCCCCCCCCCCCC)s2)c1,Cc1ccc2c(c1)n([R2])c1c2ccc(c2ccc(c3c4nsnc4c(c4ccc(C)s4)c(O[R5])c3O[R5])s2)c1,PCDTBT-C12,,,
Cc1sc2c(OCC(CC)CCCC)c3cc(c4c5sc(C(OCC(CC)CCCC)=O)c(F)c5c(C)s4)sc3c(OCC(CC)CCCC)c2c1,Cc1sc2c(O[R4])c3cc(c4c5sc(C(O[R4])=O)c(F)c5c(C)s4)sc3c(O[R4])c2c1,PTB7,,,
Cc1sc2c(c3sc(CC(CC)CCCC)cc3)c3cc(c4c5sc(C(OCC(CC)CCCC)=O)c(F)c5c(C)s4)sc3c(c3sc(CC(CC)CCCC)cc3)c2c1,Cc1sc2c(c3sc([R4])cc3)c3cc(c4c5sc(C(O[R4])=O)c(F)c5c(C)s4)sc3c(c3sc([R4])cc3)c2c1,PTB7-Th,,,
Cc1sc2c(c3sc(CC(CC)CCCC)cc3)c3cc(c4c5sc(C(OCC(CC)CCCC)=O)cc5c(C)s4)sc3c(c3sc(CC(CC)CCCC)cc3)c2c1,Cc1sc2c(c3sc([R4])cc3)c3cc(c4c5sc(C(O[R4])=O)cc5c(C)s4)sc3c(c3sc([R4])cc3)c2c1,PBDTTT-E-T,,,
Cc1c(F)cc(c2cc3c(c4sc(c5cc(F)c(c6cc7c(c8sc(C)cc8[Si]7(CCCCCCCC)CCCCCCCC)s6)c6c5nn(CCCCCC)n6)cc4[Si]3(CCCCCCCC)CCCCCCCC)s2)c2c1nn(CCCCCC)n2,Cc1c(F)cc(c2cc3c(c4sc(c5cc(F)c(c6cc7c(c8sc(C)cc8[Si]7([R2])[R2])s6)c6c5nn([R14])n6)cc4[Si]3([R2])[R2])s2)c2c1nn([R14])n2,P,,Not sure if this is full name? / DUPE?,
CCCCCCCCc1sc(c2c3sc4cc(C)sc4c3c(c3sc(CCCCCCCC)cc3)c3sc4cc(c5ccc(c6sc(c7ccc(C)s7)c(C7=O)c6C(c6c7c(C)sc6C)=O)s5)sc4c32)cc1,[R2]c1sc(c2c3sc4cc(C)sc4c3c(c3sc([R2])cc3)c3sc4cc(c5ccc(c6sc(c7ccc(C)s7)c(C7=O)c6C(c6c7c(C)sc6C)=O)s5)sc4c32)cc1,PDBT-T1,not in literature,DUPE W DIFF STRUCTURE,
Cc1sc(c2c(C(OSCC(CCCCCC)CCCC)=O)cc(c3sc(c4ccc(C)s4)c(C(OSCC(CCCCCC)CCCC)=O)c3)s2)cc1,Cc1sc(c2c(C(O[R7])=O)cc(c3sc(c4ccc(C)s4)c(C(O[R7])=O)c3)s2)cc1,PDCBT,,,
Cc1sc2c(c3sc(CC(CC)CCCC)cc3)c3cc(c4c(F)c(F)c(C)s4)sc3c(c3sc(CC(CC)CCCC)cc3)c2c1,Cc1sc2c(c3sc([R4])cc3)c3cc(c4c(F)c(F)c(C)s4)sc3c(c3sc([R4])cc3)c2c1,PBDT(T)[2H]T,,,
Cc1sc2c(c3sc(CC(CC)CCCC)cc3)c3cc(c4c(CC(CC)CCCC)cc(c5sc(c6sc(C)c(CC(CC)CCCC)c6)c6c5C(c5ccccc5C6=O)=O)s4)sc3c(c3sc(CC(CC)CCCC)cc3)c2c1,Cc1sc2c(c3sc([R4])cc3)c3cc(c4c([R4])cc(c5sc(c6sc(C)c([R4])c6)c6c5C(c5ccccc5C6=O)=O)s4)sc3c(c3sc([R4])cc3)c2c1,PBDT-DTN,,,
Cc1sc2c(c3sc(SCC(CCCCCC)CCCC)cc3)c3cc(c4ccc(c5cc6c7nc(c8sc(CCCCCCCC)cc8)c(c8sc(CCCCCCCC)cc8)nc7c(c7sc(C)cc7)cc6c6nc(c7sc(CCCCCCCC)cc7)c(c7ccc(CCCCCCCC)s7)nc56)s4)sc3c(c3sc(SCC(CCCCCC)CCCC)cc3)c2c1,Cc1sc2c(c3sc([R7])cc3)c3cc(c4ccc(c5cc6c7nc(c8sc([R2])cc8)c(c8sc([R2])cc8)nc7c(c7sc(C)cc7)cc6c6nc(c7sc([R2])cc7)c(c7ccc([R2])s7)nc56)s4)sc3c(c3sc([R7])cc3)c2c1,PBDT-NQx,,,
Cc1sc2c(c3sc(SSCC(CCCCCC)CCCC)cc3)c3cc(c4ccc(c5cc6c7nc(c8sc(CCCCCCCC)cc8)c(c8sc(CCCCCCCC)cc8)nc7c(c7sc(C)cc7)cc6c6nc(c7sc(CCCCCCCC)cc7)c(c7ccc(CCCCCCCC)s7)nc56)s4)sc3c(c3sc(SSCC(CCCCCC)CCCC)cc3)c2c1,Cc1sc2c(c3sc(S[R7])cc3)c3cc(c4ccc(c5cc6c7nc(c8sc([R2])cc8)c(c8sc([R2])cc8)nc7c(c7sc(C)cc7)cc6c6nc(c7sc([R2])cc7)c(c7ccc([R2])s7)nc56)s4)sc3c(c3sc(S[R7])cc3)c2c1,PBDTS-NQx,,,
Cc1sc2c(c3sc(CC(CC)CCCC)cc3)c3cc(c4c5c(C(N(CCCCCCCC)C5=O)=O)c(C)s4)sc3c(c3sc(CC(CC)CCCC)cc3)c2c1,Cc1sc2c(c3sc([R4])cc3)c3cc(c4c5c(C(N([R2])C5=O)=O)c(C)s4)sc3c(c3sc([R4])cc3)c2c1,PTPDBDT,,,
Cc1sc2c(c3sc(CC(CC)CCCC)cc3)c3cc(c4ccc(c5c6c(C(N(CCCCCCCC)C6=O)=O)c(c6ccc(C)s6)c6nn(CCCCCCCC)nc56)s4)sc3c(c3sc(CC(CC)CCCC)cc3)c2c1,Cc1sc2c(c3sc([R4])cc3)c3cc(c4ccc(c5c6c(C(N([R2])C6=O)=O)c(c6ccc(C)s6)c6nn([R2])nc56)s4)sc3c(c3sc([R4])cc3)c2c1,PTzBI,same as literature,,
Cc1sc2c(c3sc(CC(CC)CCCC)cc3)c3cc(c4c5sc(C(CC(CC)CCCC)=O)cc5c(C)s4)sc3c(c3sc(CC(CC)CCCC)cc3)c2c1,Cc1sc2c(c3sc([R4])cc3)c3cc(c4c5sc(C([R4])=O)cc5c(C)s4)sc3c(c3sc([R4])cc3)c2c1,PBDTTT-C-T,,,
[R23]c1c(c2sc(c3sc(C)cc3)cc2)sc(c2c3nsnc3c(c3cc([R23])c(C)s3)c(F)c2F)c1,[R23]c1c(c2sc(c3sc(C)cc3)cc2)sc(c2c3nsnc3c(c3cc([R23])c(C)s3)c(F)c2F)c1,Pff4TBT-2DT,,,
Cc1sc2c(c3sc(CC(CC)CCCC)cc3)c3cc(c4ccc(c5c(F)c(F)c(c6ccc(C)s6)c6nc(c7cc(F)c(OCC(CC)CCCC)c(F)c7)c(c7cc(F)c(OCC(CC)CCCC)c(F)c7)nc56)s4)sc3c(c3sc(CC(CC)CCCC)cc3)c2c1,Cc1sc2c(c3sc([R4])cc3)c3cc(c4ccc(c5c(F)c(F)c(c6ccc(C)s6)c6nc(c7cc(F)c(O[R4])c(F)c7)c(c7cc(F)c(O[R4])c(F)c7)nc56)s4)sc3c(c3sc([R4])cc3)c2c1,HFQx-T,,,
Cc1sc2c(c3sc(CC(CC)CCCC)c(F)c3)c3cc(c4ccc(c5c6c(C(c7c(CC(CC)CCCC)sc(CC(CC)CCCC)c7C6=O)=O)c(c6ccc(C)s6)s5)s4)sc3c(c3sc(CC(CC)CCCC)c(F)c3)c2c1,Cc1sc2c(c3sc([R4])c(F)c3)c3cc(c4ccc(c5c6c(C(c7c([R4])sc([R4])c7C6=O)=O)c(c6ccc(C)s6)s5)s4)sc3c(c3sc([R4])c(F)c3)c2c1,PBDB-TF,,DUPE W DIFF STRUCTURE,
Cc1sc2c(OSCCCCCCCCCCCC)c3cc(c4ccc(c5c6nsnc6c(c6ccc(C)s6)cc5)s4)sc3c(OSCCCCCCCCCCCC)c2c1,Cc1sc2c(O[R5])c3cc(c4ccc(c5c6nsnc6c(c6ccc(C)s6)cc5)s4)sc3c(O[R5])c2c1,P1,,,
Cc1sc2c(c3sc(CC(CC)CCCC)c(OC)c3)c3cc(c4c(CCCCCC)c5sc(c6c7c(C(N(CC(CCCCCC)CCCCCCCC)C7=O)=O)c(c7sc8c(CCCCCC)c(C)sc8c7)s6)cc5s4)sc3c(c3sc(CC(CC)CCCC)c(OC)c3)c2c1,Cc1sc2c(c3sc([R4])c(OC)c3)c3cc(c4c([R14])c5sc(c6c7c(C(N([R1])C7=O)=O)c(c7sc8c([R14])c(C)sc8c7)s6)cc5s4)sc3c(c3sc([R4])c(OC)c3)c2c1,PMOT16,,,
Cc1sc2c(c3sc(SCC(CCCCCC)CCCC)cc3)c3cc(c4c(CC(CC)CCCC)cc(c5sc6nc(c7sc(C)c(CC(CC)CCCC)c7)sc6n5)s4)sc3c(c3sc(SCC(CCCCCC)CCCC)cc3)c2c1,Cc1sc2c(c3sc([R7])cc3)c3cc(c4c([R4])cc(c5sc6nc(c7sc(C)c([R4])c7)sc6n5)s4)sc3c(c3sc([R7])cc3)c2c1,PTZP,,,
Cc1c([R25])cc(c2c3nsnc3c(c3cc([R25])c(c4sc5cc(C)sc5c4)s3)c(F)c2F)s1,Cc1c([R25])cc(c2c3nsnc3c(c3cc([R25])c(c4sc5cc(C)sc5c4)s3)c(F)c2F)s1,PffBT2T-TT,,,
Cc1c(CC(CCCCCCCC)CCCCCCCCCC)cc(c2c3nsnc3c(c3cc(CC(CCCCCCCC)CCCCCCCCCC)c(c4sc(c5sc(C)cc5)cc4)s3)c(F)c2F)s1,Cc1c([R6])cc(c2c3nsnc3c(c3cc([R6])c(c4sc(c5sc(C)cc5)cc4)s3)c(F)c2F)s1,PffBT4T-2OD,,DUPE W SAME STRUCTURE,
Cc1sc2c(c3sc(CC(CC)CCCC)cc3)c3cc(c4c5sc(C(OCC(CC)CCCC)=O)c(F)c5c(C)s4)sc3c(c3sc(CC(CC)CCCC)cc3)c2c1,Cc1sc2c(c3sc([R4])cc3)c3cc(c4c5sc(C(O[R4])=O)c(F)c5c(C)s4)sc3c(c3sc([R4])cc3)c2c1,PBDTTT-EFT,,,
Cc1sc(c2sc(c3c([R23])cc(c4c5nn([R26])nc5c(c5cc([R23])c(C)s5)c(F)c4F)s3)cc2F)c(F)c1,Cc1sc(c2sc(c3c([R23])cc(c4c5nn([R26])nc5c(c5cc([R23])c(C)s5)c(F)c4F)s3)cc2F)c(F)c1,PffT2-FTAZ-2DT,,,
Cc1sc2c(c3sc(SCC(CC)CCCC)cc3)c3cc(c4ccc(c5sc(c6sc(C)cc6)c6c5C(c5c(CC(CC)CCCC)sc(CC(CC)CCCC)c5C6=O)=O)s4)sc3c(c3sc(SCC(CC)CCCC)cc3)c2c1,Cc1sc2c(c3sc(S[R4])cc3)c3cc(c4ccc(c5sc(c6sc(C)cc6)c6c5C(c5c([R4])sc([R4])c5C6=O)=O)s4)sc3c(c3sc(S[R4])cc3)c2c1,PBDT-ST,,,
Cc1sc2c(c3cc(F)c(CC(CC)CCCC)c(F)c3)c3cc(c4ccc(c5c6c(C(N(CCCCCCCC)C6=O)=O)c(c6sc(C)cc6)c6nn(CC(CC)CCCC)nc56)s4)sc3c(c3cc(F)c(CC(CC)CCCC)c(F)c3)c2c1,Cc1sc2c(c3cc(F)c([R4])c(F)c3)c3cc(c4ccc(c5c6c(C(N(CCCCCCCC)C6=O)=O)c(c6sc(C)cc6)c6nn([R4])nc56)s4)sc3c(c3cc(F)c([R4])c(F)c3)c2c1,P2F-EH,,,
Cc1sc2c(c3cc(F)c(CC(CC)CCCC)c(F)c3)c3cc(c4ccc(c5c6c(C(N(CCCCCCCC)C6=O)=O)c(c6sc(C)cc6)c6nn([R28])nc56)s4)sc3c(c3cc(F)c(CC(CC)CCCC)c(F)c3)c2c1,Cc1sc2c(c3cc(F)c([R4])c(F)c3)c3cc(c4ccc(c5c6c(C(N(CCCCCCCC)C6=O)=O)c(c6sc(C)cc6)c6nn([R28])nc56)s4)sc3c(c3cc(F)c([R4])c(F)c3)c2c1,P2F-EHp,,,
Cc1sc2c(c3cc(F)c(CC(CC)CCCC)c(F)c3)c3cc(c4ccc(c5c6c(C(N(CCCCCCCC)C6=O)=O)c(c6sc(C)cc6)c6nn([R29])nc56)s4)sc3c(c3cc(F)c(CC(CC)CCCC)c(F)c3)c2c1,Cc1sc2c(c3cc(F)c([R4])c(F)c3)c3cc(c4ccc(c5c6c(C(N(CCCCCCCC)C6=O)=O)c(c6sc(C)cc6)c6nn([R29])nc56)s4)sc3c(c3cc(F)c([R4])c(F)c3)c2c1,P2F-EO,,,
Cc1sc2c(c3sc(SCCCCCCCC)cc3)c3cc(c4cc(C(OCC(CC)CCCC)=O)c(c5sc(c6sc(C)cc6C(OCC(CC)CCCC)=O)cc5)s4)sc3c(c3sc(SCCCCCCCC)cc3)c2c1,Cc1sc2c(c3sc(S[R2])cc3)c3cc(c4cc(C(O[R4])=O)c(c5sc(c6sc(C)cc6C(O[R4])=O)cc5)s4)sc3c(c3sc(S[R2])cc3)c2c1,PB3T,,,
Cc1sc2c(c3sc(CC(CC)CCCC)c(F)c3)c3cc(c4ccc(c5c6c(C(c7c(CC(CC)CCCC)sc(CC(CC)CCCC)c7C6=O)=O)c(c6ccc(C)s6)s5)s4)sc3c(c3sc(CC(CC)CCCC)c(F)c3)c2c1,Cc1sc2c(c3sc([R4])c(F)c3)c3cc(c4ccc(c5c6c(C(c7c([R4])sc([R4])c7C6=O)=O)c(c6ccc(C)s6)s5)s4)sc3c(c3sc([R4])c(F)c3)c2c1,PBDBT-2F,,,
Cc1sc2c(c3sc(CC(CC)CCCC)c(F)c3)c3cc(c4ccc(c5sc(c6sc(C)cc6)c6c5C(c5c(CC(CC)CCCC)sc(CC(CC)CCCC)c5C6=O)=O)s4)sc3c(c3sc(CC(CC)CCCC)c(F)c3)c2c1,Cc1sc2c(c3sc([R4])c(F)c3)c3cc(c4ccc(c5sc(c6sc(C)cc6)c6c5C(c5c([R4])sc([R4])c5C6=O)=O)s4)sc3c(c3sc([R4])c(F)c3)c2c1,PBDBT-2F,duplicate,,
Cc1sc2c(c3ccccc3SCC(CC)CCCC)c3cc(c4ccc(c5sc(c6sc(C)cc6)c6c5C(c5c(CC(CC)CCCC)sc(CC(CC)CCCC)c5C6=O)=O)s4)sc3c(c3ccccc3SCC(CC)CCCC)c2c1,Cc1sc2c(c3ccccc3S[R4])c3cc(c4ccc(c5sc(c6sc(C)cc6)c6c5C(c5c([R4])sc([R4])c5C6=O)=O)s4)sc3c(c3ccccc3S[R4])c2c1,PTBB-o,,,
Cc1sc2c(c3cccc(SCC(CC)CCCC)c3)c3cc(c4ccc(c5sc(c6sc(C)cc6)c6c5C(c5c(CC(CC)CCCC)sc(CC(CC)CCCC)c5C6=O)=O)s4)sc3c(c3cccc(SCC(CC)CCCC)c3)c2c1,Cc1sc2c(c3cccc(S[R4])c3)c3cc(c4ccc(c5sc(c6sc(C)cc6)c6c5C(c5c([R4])sc([R4])c5C6=O)=O)s4)sc3c(c3cccc(S[R4])c3)c2c1,PTBB-m,,,
Cc1sc2c(c3ccc(SCC(CC)CCCC)cc3)c3cc(c4ccc(c5sc(c6sc(C)cc6)c6c5C(c5c(CC(CC)CCCC)sc(CC(CC)CCCC)c5C6=O)=O)s4)sc3c(c3ccc(SCC(CC)CCCC)cc3)c2c1,Cc1sc2c(c3ccc(S[R4])cc3)c3cc(c4ccc(c5sc(c6sc(C)cc6)c6c5C(c5c([R4])sc([R4])c5C6=O)=O)s4)sc3c(c3ccc(S[R4])cc3)c2c1,PTBB-p,,,
[Si](CCC)(CCC)(CCC)c1sc(c2c3cc(C)sc3c(c3sc([Si](CCC)(CCC)(CCC))cc3)c3cc(c4c(CC(CC)CCCC)cc(c5nc6sc(c7sc(C)c(CC(CC)CCCC)c7)nc6s5)s4)sc32)cc1,[R3]c1sc(c2c3cc(C)sc3c(c3sc([R3])cc3)c3cc(c4c([R4])cc(c5nc6sc(c7sc(C)c([R4])c7)nc6s5)s4)sc32)cc1,PBDS-TZ,,,
CC(CC)CCCCc1sc(c2c3cc(C)sc3c(c3sc(CC(CC)CCCC)cc3)c3cc(c4c(SCC(CCCCCC)CCCC)cc(c5nc6cc7sc(c8sc(C)c(SCC(CCCCCC)CCCC)c8)nc7cc6s5)s4)sc32)cc1,[R4]c1sc(c2c3cc(C)sc3c(c3sc([R4])cc3)c3cc(c4c([R7])cc(c5nc6cc7sc(c8sc(C)c([R7])c8)nc7cc6s5)s4)sc32)cc1,PBB-T,,,
CCCCCCCCc1ccc(c2sc(c3sc(CCCCCCCC)cc3)c3c4cc(C)sc4c4sc(c5sc(c6c7nsnc7c(c7sc(C)cc7)cc6)cc5)cc4c32)s1,[R2]c1ccc(c2sc(c3sc([R2])cc3)c3c4cc(C)sc4c4sc(c5sc(c6c7nsnc7c(c7sc(C)cc7)cc6)cc5)cc4c32)s1,P,same name different structure,NAME WASN'T FINISHED? / DUPE?,
Cc1ccc(c2c3nn(CC(CCCCCC)CCCCCCCC)nc3c(c3ccc(c4sc5c(c6sc(CC(CC)CCCC)cc6)c6cc(C)sc6c(c6sc(CC(CC)CCCC)cc6)c5c4)s3)c(F)c2F)s1,Cc1ccc(c2c3nn([R1])nc3c(c3ccc(c4sc5c(c6sc([R4])cc6)c6cc(C)sc6c(c6sc([R4])cc6)c5c4)s3)c(F)c2F)s1,PBZ,,,
Cc1ccc(c2c3nn(CC(CCCCCC)CCCCCCCC)nc3c(c3ccc(c4sc5c(c6sc(CC(CC)CCCC)c(Cl)c6)c6cc(C)sc6c(c6sc(CC(CC)CCCC)c(Cl)c6)c5c4)s3)c(F)c2F)s1,Cc1ccc(c2c3nn([R1])nc3c(c3ccc(c4sc5c(c6sc([R4])c(Cl)c6)c6cc(C)sc6c(c6sc([R4])c(Cl)c6)c5c4)s3)c(F)c2F)s1,PBZ-Cl,,,
Cc1ccc(c2c3nn(CC(CCCCCC)CCCCCCCC)nc3c(c3ccc(c4sc5c(c6sc([Si](CCC)(CCC)(CCC))c(Cl)c6)c6cc(C)sc6c(c6sc([Si](CCC)(CCC)(CCC))c(Cl)c6)c5c4)s3)c(F)c2F)s1,Cc1ccc(c2c3nn([R1])nc3c(c3ccc(c4sc5c(c6sc([R3])c(Cl)c6)c6cc(C)sc6c(c6sc([R3])c(Cl)c6)c5c4)s3)c(F)c2F)s1,PBZ-ClSi,,,
Cc1sc2c(c3sc(CC(CC)CCCC)cc3)c3cc(c4sc(C)c5c4C(c4c(CCCCCCCC)sc(CCCCCCCC)c4C5=O)=O)sc3c(c3sc(CC(CC)CCCC)cc3)c2c1,Cc1sc2c(c3sc([R4])cc3)c3cc(c4sc(C)c5c4C(c4c([R2])sc([R2])c4C5=O)=O)sc3c(c3sc([R4])cc3)c2c1,PT1,,,
Cc1sc2c(c3sc(CC(CC)CCCC)cc3)c3cc(c4ccc(c5sc(c6sc(C)cc6)c6c5C(c5c(CCCCCCCC)sc(CCCCCCCC)c5C6=O)=O)s4)sc3c(c3sc(CC(CC)CCCC)cc3)c2c1,Cc1sc2c(c3sc([R4])cc3)c3cc(c4ccc(c5sc(c6sc(C)cc6)c6c5C(c5c([R2])sc([R2])c5C6=O)=O)s4)sc3c(c3sc([R4])cc3)c2c1,PT2,,TRIPLE DUPE W DIFF STRUCTURE,
Cc1sc2c(c3sc(CC(CC)CCCC)cc3)c3cc(c4c(CCCCCC)c5sc(c6sc(c7cc8sc(C)c(CCCCCC)c8s7)c7c6C(c6c(CCCCCCCC)sc(CCCCCCCC)c6C7=O)=O)cc5s4)sc3c(c3sc(CC(CC)CCCC)cc3)c2c1,Cc1sc2c(c3sc([R4])cc3)c3cc(c4c([R14])c5sc(c6sc(c7cc8sc(C)c([R14])c8s7)c7c6C(c6c([R2])sc([R2])c6C7=O)=O)cc5s4)sc3c(c3sc([R4])cc3)c2c1,PT3,,,
Cc1ccc(c2c3nonc3c(c3ccc(c4sc5c(c6sc(CC(CC)CCCC)c(F)c6)c6cc(C)sc6c(c6sc(CC(CC)CCCC)c(F)c6)c5c4)s3)c(OCCCCCCCC)c2OCCCCCCCC)s1,Cc1ccc(c2c3nonc3c(c3ccc(c4sc5c(c6sc([R4])c(F)c6)c6cc(C)sc6c(c6sc([R4])c(F)c6)c5c4)s3)c(O[R2])c2O[R2])s1,BO2FC8,,,
Cc1ccc(c2c3nonc3c(c3ccc(c4sc5c(c6sc(CC(CC)CCCC)c(F)c6)c6cc(C)sc6c(c6sc(CC(CC)CCCC)c(F)c6)c5c4)s3)c(OCC(CC)CCCC)c2OCC(CC)CCCC)s1,Cc1ccc(c2c3nonc3c(c3ccc(c4sc5c(c6sc([R4])c(F)c6)c6cc(C)sc6c(c6sc([R4])c(F)c6)c5c4)s3)c(O[R4])c2O[R4])s1,BO2FEH,,,
Cc1sc2c(c3sc(CC(CC)CCCC)c4c3OCCO4)c3cc(c4c5sc(C(OCC(CC)CCCC)=O)c(F)c5c(C)s4)sc3c(c3sc(CC(CC)CCCC)c4c3OCCO4)c2c1,Cc1sc2c(c3sc([R4])c4c3OCCO4)c3cc(c4c5sc(C(O[R4])=O)c(F)c5c(C)s4)sc3c(c3sc([R4])c4c3OCCO4)c2c1,PTB-EDOT,,,
Cc1sc2c(c3sc(SCC(CC)CCCC)c4c3OCCO4)c3cc(c4c5sc(C(OCC(CC)CCCC)=O)c(F)c5c(C)s4)sc3c(c3sc(SCC(CC)CCCC)c4c3OCCO4)c2c1,Cc1sc2c(c3sc(S[R4])c4c3OCCO4)c3cc(c4c5sc(C(O[R4])=O)c(F)c5c(C)s4)sc3c(c3sc(S[R4])c4c3OCCO4)c2c1,PTB-EDOTS,,,
Cc1sc2c(c3ccc(OCC(CCCCCC)CCCCCCCC)cc3)c3cc(c4ccc(c5sc(c6sc(C)cc6)c6c5C(c5c(CC(CC)CCCC)sc(CC(CC)CCCC)c5C6=O)=O)s4)sc3c(c3ccc(OCC(CCCCCC)CCCCCCCC)cc3)c2c1,Cc1sc2c(c3ccc(O[R1])cc3)c3cc(c4ccc(c5sc(c6sc(C)cc6)c6c5C(c5c([R4])sc([R4])c5C6=O)=O)s4)sc3c(c3ccc(O[R1])cc3)c2c1,POPB,,,
Cc1sc2c(c3cc(F)c(OCC(CCCCCC)CCCCCCCC)c(F)c3)c3cc(c4ccc(c5sc(c6sc(C)cc6)c6c5C(c5c(CC(CC)CCCC)sc(CC(CC)CCCC)c5C6=O)=O)s4)sc3c(c3cc(F)c(OCC(CCCCCC)CCCCCCCC)c(F)c3)c2c1,Cc1sc2c(c3cc(F)c(O[R1])c(F)c3)c3cc(c4ccc(c5sc(c6sc(C)cc6)c6c5C(c5c([R4])sc([R4])c5C6=O)=O)s4)sc3c(c3cc(F)c(O[R1])c(F)c3)c2c1,PFOPB,,,
Cc1sc2c(c3sc(SCC(CC)CCCC)c(F)c3)c3cc(c4cc(C(OSCC(CCCCCC)CCCC)=O)c(c5sc(C)cc5)s4)sc3c(c3sc(SCC(CC)CCCC)c(F)c3)c2c1,Cc1sc2c(c3sc(S[R4])c(F)c3)c3cc(c4cc(C(O[R7])=O)c(c5sc(C)cc5)s4)sc3c(c3sc(S[R4])c(F)c3)c2c1,PBDT-SF-2TC,,,
Cc1sc2c(c3sc(CC(CC)CCCC)c(F)c3)c3cc(c4cc(C(OCC(CCCCCC)CCCCCCCC)=O)c(c5sc(C)cc5)s4)sc3c(c3sc(CC(CC)CCCC)c(F)c3)c2c1,Cc1sc2c(c3sc([R4])c(F)c3)c3cc(c4cc(C(O[R1])=O)c(c5sc(C)cc5)s4)sc3c(c3sc([R4])c(F)c3)c2c1,PBDT-F-2TC,,,
CC(CC)CCCCc1sc(c2c3c4sc(C)cc4sc3c(c3sc(CC(CC)CCCC)c(F)c3)c3c4sc(c5ccc(c6sc(c7sc(C)cc7)c7c6C(c6c(CC(CC)CCCC)sc(CC(CC)CCCC)c6C7=O)=O)s5)cc4sc32)cc1F,[R4]c1sc(c2c3c4sc(C)cc4sc3c(c3sc([R4])c(F)c3)c3c4sc(c5ccc(c6sc(c7sc(C)cc7)c7c6C(c6c([R4])sc([R4])c6C7=O)=O)s5)cc4sc32)cc1F,PDBT-F,,,
CCCCCCCCc1sc(c2c3c4sc(C)cc4sc3c(c3sc(CCCCCCCC)cc3)c3c4sc(c5ccc(c6sc(c7sc(C)cc7)c7c6C(c6c(CC(CC)CCCC)sc(CC(CC)CCCC)c6C7=O)=O)s5)cc4sc32)cc1,[R2]c1sc(c2c3c4sc(C)cc4sc3c(c3sc([R2])cc3)c3c4sc(c5ccc(c6sc(c7sc(C)cc7)c7c6C(c6c([R4])sc([R4])c6C7=O)=O)s5)cc4sc32)cc1,PDBT-T1,,DUPE W DIFF STRUCTURE,
Cc1sc2c(c3sc([Si](CCC)(CCC)(CCC))cc3)c3cc(c4ccc(c5sc(c6sc(C)cc6)c6c5C(c5c(CC(CC)CCCC)sc(CC(CC)CCCC)c5C6=O)=O)s4)sc3c(c3sc([Si](CCC)(CCC)(CCC))cc3)c2c1,Cc1sc2c(c3sc([R3])cc3)c3cc(c4ccc(c5sc(c6sc(C)cc6)c6c5C(c5c([R4])sc([R4])c5C6=O)=O)s4)sc3c(c3sc([R3])cc3)c2c1,PT2,,TRIPLE DUPE W DIFF STRUCTURE,
Cc1oc2c(c3sc(CC(CC)CCCC)cc3)c3cc(c4ccc(c5sc(c6sc(C)cc6)c6c5C(c5c(CC(CC)CCCC)sc(CC(CC)CCCC)c5C6=O)=O)s4)sc3c(c3sc(CC(CC)CCCC)cc3)c2c1,Cc1oc2c(c3sc([R4])cc3)c3cc(c4ccc(c5sc(c6sc(C)cc6)c6c5C(c5c([R4])sc([R4])c5C6=O)=O)s4)sc3c(c3sc([R4])cc3)c2c1,PTBFeh-BDD,,,
Cc1oc2c(c3sc(SSCCCCCCCCCCCC)cc3)c3cc(c4ccc(c5sc(c6sc(C)cc6)c6c5C(c5c(CC(CC)CCCC)sc(CC(CC)CCCC)c5C6=O)=O)s4)sc3c(c3sc(SSCCCCCCCCCCCC)cc3)c2c1,Cc1oc2c(c3sc(S[R5])cc3)c3cc(c4ccc(c5sc(c6sc(C)cc6)c6c5C(c5c([R4])sc([R4])c5C6=O)=O)s4)sc3c(c3sc(S[R5])cc3)c2c1,PTBFSdo-BDD,,,
Cc1oc2c(c3sc(SCC(CC)CCCC)cc3)c3cc(c4ccc(c5sc(c6sc(C)cc6)c6c5C(c5c(CC(CC)CCCC)sc(CC(CC)CCCC)c5C6=O)=O)s4)sc3c(c3sc(SCC(CC)CCCC)cc3)c2c1,Cc1oc2c(c3sc(S[R4])cc3)c3cc(c4ccc(c5sc(c6sc(C)cc6)c6c5C(c5c([R4])sc([R4])c5C6=O)=O)s4)sc3c(c3sc(S[R4])cc3)c2c1,PTBFSeh-BDD,,,
Cc1sc2c(c3sc(CC(CC)CCCC)c(F)c3)c3cc(c4cc(C(OSCC(CCCCCC)CCCC)=O)c(c5sc6cc(c7sc(C)cc7C(OSCC(CCCCCC)CCCC)=O)sc6c5)s4)sc3c(c3sc(CC(CC)CCCC)c(F)c3)c2c1,Cc1sc2c(c3sc([R4])c(F)c3)c3cc(c4cc(C(O[R7])=O)c(c5sc6cc(c7sc(C)cc7C(O[R7])=O)sc6c5)s4)sc3c(c3sc([R4])c(F)c3)c2c1,2TC-TC-BDTFT,,,
Cc1sc2c(c3sc(CC(CC)CCCC)c(F)c3)c3cc(c4ccc(c5sc6c(C(OSCC(CCCCCC)CCCC)=O)c(c7sc(C)cc7)sc6c5C(OSCC(CCCCCC)CCCC)=O)s4)sc3c(c3sc(CC(CC)CCCC)c(F)c3)c2c1,Cc1sc2c(c3sc([R4])c(F)c3)c3cc(c4ccc(c5sc6c(C(O[R7])=O)c(c7sc(C)cc7)sc6c5C(O[R7])=O)s4)sc3c(c3sc([R4])c(F)c3)c2c1,2T-TTC-BDTFT,,,
CC(CC)CCCCn1nc2c(c3ccc(C)s3)c(F)c(F)c(c3sc(c4cc(C(OCC(CCCCCC)CCCCCCCC)=O)c(c5sc(c6c(C(OCC(CCCCCC)CCCCCCCC)=O)cc(C)s6)cc5)s4)cc3)c2n1,[R4]n1nc2c(c3ccc(C)s3)c(F)c(F)c(c3sc(c4cc(C(O[R1])=O)c(c5sc(c6c(C(O[R1])=O)cc(C)s6)cc5)s4)cc3)c2n1,PB24-3TDC,,,
CC(CCCCCC)CCCCCCCCn1nc2c(c3ccc(C)s3)c(F)c(F)c(c3sc(c4cc(C(OCC(CCCCCC)CCCCCCCC)=O)c(c5sc(c6c(C(OCC(CCCCCC)CCCCCCCC)=O)cc(C)s6)cc5)s4)cc3)c2n1,[R1]n1nc2c(c3ccc(C)s3)c(F)c(F)c(c3sc(c4cc(C(O[R1])=O)c(c5sc(c6c(C(O[R1])=O)cc(C)s6)cc5)s4)cc3)c2n1,PB68-3TDC,,,
Cc1sc2c(c3sc(CC(CC)CCCC)c(F)c3)c3cc(c4cc(C(CC(CC)CCCC)=O)c(c5sc(c6sc(C)cc6C(CC(CC)CCCC)=O)cc5)s4)sc3c(c3sc(CC(CC)CCCC)c(F)c3)c2c1,Cc1sc2c(c3sc([R4])c(F)c3)c3cc(c4cc(C([R4])=O)c(c5sc(c6sc(C)cc6C([R4])=O)cc5)s4)sc3c(c3sc([R4])c(F)c3)c2c1,PBDT-3TCO,,,
Cc1sc2c(c3sc(CC(CC)CCCC)c(F)c3)c3cc(c4cc(CC(CC)CCCC)c(c5sc(c6sc(C)cc6CC(CC)CCCC)cc5)s4)sc3c(c3sc(CC(CC)CCCC)c(F)c3)c2c1,Cc1sc2c(c3sc([R4])c(F)c3)c3cc(c4cc([R4])c(c5sc(c6sc(C)cc6[R4])cc5)s4)sc3c(c3sc([R4])c(F)c3)c2c1,PBDT-3T,,,
Cc1sc2c(c3sc(CC(CC)CCCC)cc3)c3cc(c4cc(CCCCCCCCCC)c(c(cc5c6=O)sc5c5sc(c7sc(C)cc7CCCCCCCCCC)cc5c(n6CC(CCCCCC)CCCCCCCC)=O)s4)sc3c(c3sc(CC(CC)CCCC)cc3)c2c1,Cc1sc2c(c3sc([R4])cc3)c3cc(c4cc([R15])c(c(cc5c6=O)sc5c5sc(c7sc(C)cc7[R15])cc5c(n6[R1])=O)s4)sc3c(c3sc([R4])cc3)c2c1,PBTIBDTT,,,
Fc1c(c2sc(c3c(C(OCC(CCCCCCCC)CCCCCCCCCC)=O)cc(C)s3)cc2F)sc(c2c(C(OCC(CCCCCCCC)CCCCCCCCCC)=O)cc(C)s2)c1,Fc1c(c2sc(c3c(C(O[R6])=O)cc(C)s3)cc2F)sc(c2c(C(O[R6])=O)cc(C)s2)c1,PDCBT-2F,,,
Cc1ccc(c2c3nsnc3c(c3ccc(c4sc5c(c6sc(CC(CC)CCCC)c(F)c6)c6cc(C)sc6c(c6sc(CC(CC)CCCC)c(F)c6)c5c4)s3)c(OCCCCCCCC)c2OCCCCCCCC)s1,Cc1ccc(c2c3nsnc3c(c3ccc(c4sc5c(c6sc([R4])c(F)c6)c6cc(C)sc6c(c6sc([R4])c(F)c6)c5c4)s3)c(O[R2])c2O[R2])s1,PBT-F,,,
Cc1ccc(c2c3nsnc3c(c3ccc(c4sc5c(c6sc(SCC(CC)CCCC)c(F)c6)c6cc(C)sc6c(c6sc(SCC(CC)CCCC)c(F)c6)c5c4)s3)c(OCCCCCCCC)c2OCCCCCCCC)s1,Cc1ccc(c2c3nsnc3c(c3ccc(c4sc5c(c6sc(S[R4])c(F)c6)c6cc(C)sc6c(c6sc(S[R4])c(F)c6)c5c4)s3)c(O[R2])c2O[R2])s1,PBT-SF,,,
Cc1sc2c(c3ccc(SCC(CCCCCC)CCCC)cc3)c3cc(c4ccc(c5sc(c6sc(C)cc6)c6c5C(c5c(CC(CC)CCCC)sc(CC(CC)CCCC)c5C6=O)=O)s4)sc3c(c3ccc(CC(CCCCCCCC)CCCCCCCCCC)cc3)c2c1,Cc1sc2c(c3ccc([R7])cc3)c3cc(c4ccc(c5sc(c6sc(C)cc6)c6c5C(c5c([R4])sc([R4])c5C6=O)=O)s4)sc3c(c3ccc([R6])cc3)c2c1,PBT1-C,,,
Cc1ccc(c2c3nn(CC(CCCCCC)CCCCCCCC)nc3c(c3ccc(c4sc5c(c6cc(F)c(CC(CC)CCCC)c(F)c6)c6cc(C)sc6c(c6cc(F)c(CC(CC)CCCC)c(F)c6)c5c4)s3)c(F)c2F)s1,Cc1ccc(c2c3nn([R1])nc3c(c3ccc(c4sc5c(c6cc(F)c([R4])c(F)c6)c6cc(C)sc6c(c6cc(F)c([R4])c(F)c6)c5c4)s3)c(F)c2F)s1,PTZPF,,,
Cc1sc2c(c3sc(CC(CCCCCC)CCCCCCCC)cc3)c3cc(c4cc(SCC(CCCCCC)CCCC)c(c5sc6nc(c7sc(C)cc7SCC(CCCCCC)CCCC)sc6n5)s4)sc3c(c3sc(CC(CCCCCC)CCCCCCCC)cc3)c2c1,Cc1sc2c(c3sc([R1])cc3)c3cc(c4cc([R7])c(c5sc6nc(c7sc(C)cc7[R7])sc6n5)s4)sc3c(c3sc([R1])cc3)c2c1,PTZI,,,
Cc1ccc(c2c3nn(SCC(CCCCCC)CCCC)nc3c(c3ccc(c4sc5c(c6ccc(c7ccc(OCC(CCCCCC)CCCCCCCC)cc7)cc6)c6cc(C)sc6c(c6ccc(c7ccc(OCC(CCCCCC)CCCCCCCC)cc7)cc6)c5c4)s3)c(F)c2F)s1,Cc1ccc(c2c3nn([R7])nc3c(c3ccc(c4sc5c(c6ccc(c7ccc(O[R1])cc7)cc6)c6cc(C)sc6c(c6ccc(c7ccc(O[R1])cc7)cc6)c5c4)s3)c(F)c2F)s1,PBDTTz-BP,,,
Cc1ccc(c2c3nn(SCC(CCCCCC)CCCC)nc3c(c3ccc(c4sc5c(c6cc7ccc(OCC(CCCCCC)CCCCCCCC)cc7cc6)c6cc(C)sc6c(c6cc7ccc(OCC(CCCCCC)CCCCCCCC)cc7cc6)c5c4)s3)c(F)c2F)s1,Cc1ccc(c2c3nn([R7])nc3c(c3ccc(c4sc5c(c6cc7ccc(O[R1])cc7cc6)c6cc(C)sc6c(c6cc7ccc(O[R1])cc7cc6)c5c4)s3)c(F)c2F)s1,PBDTTz-N,,,
Cc1ccc(c2c3nc(OCC(CCCCCC)CCCCCCCC)cnc3c(C)c(F)c2F)s1,Cc1ccc(c2c3nc(O[R1])cnc3c(C)c(F)c2F)s1,PTQ10,,,
Cc1sc2c(c3sc(CC(CC)CCCC)c(Cl)c3)c3cc(c4ccc(c5sc(c6sc(C)cc6)c6c5C(c5c(CC(CC)CCCC)sc(CC(CC)CCCC)c5C6=O)=O)s4)sc3c(c3sc(CC(CC)CCCC)c(Cl)c3)c2c1,Cc1sc2c(c3sc([R4])c(Cl)c3)c3cc(c4ccc(c5sc(c6sc(C)cc6)c6c5C(c5c([R4])sc([R4])c5C6=O)=O)s4)sc3c(c3sc([R4])c(Cl)c3)c2c1,PT2,PT2 is a common name -_-,TRIPLE DUPE W DIFF STRUCTURE,
Cc1sc2c(c3sc(CC(CCCCCC)CCCCCCCC)cc3)c3cc(c4ccc(c5sc(c6ccc(C)s6)c6c5C(c5c(CC(CC)CCCC)sc(CC(CC)CCCC)c5C6=O)=O)s4)sc3c(c3sc(CC(CCCCCC)CCCCCCCC)cc3)c2c1,Cc1sc2c(c3sc([R1])cc3)c3cc(c4ccc(c5sc(c6ccc(C)s6)c6c5C(c5c([R4])sc([R4])c5C6=O)=O)s4)sc3c(c3sc([R1])cc3)c2c1,PBDB-T-BO,,,
Cc1sc2c(c3sc4ccc(B=O)cc4c3)c3cc(c4ccc(c5sc(c6ccc(C)s6)c6c5C(c5c(CC(CC)CCCC)sc(CC(CC)CCCC)c5C6=O)=O)s4)sc3c(c3sc4ccc(B=O)cc4c3)c2c1,Cc1sc2c(c3sc4ccc(B=O)cc4c3)c3cc(c4ccc(c5sc(c6ccc(C)s6)c6c5C(c5c([R4])sc([R4])c5C6=O)=O)s4)sc3c(c3sc4ccc(B=O)cc4c3)c2c1,PBDB-BzT,BO problem,,
Cc1sc2c(c3sc(CC(CC)CCCC)cc3)c3cc(c4c5sc(C(OCCCCCC)=O)c(F)c5c(C)s4)sc3c(c3sc(CC(CC)CCCC)cc3)c2c1,Cc1sc2c(c3sc([R4])cc3)c3cc(c4c5sc(C(O[R14])=O)c(F)c5c(C)s4)sc3c(c3sc([R4])cc3)c2c1,PBTT,,,
Cc1sc2c(c3sc(SCC(CC)CCCC)cc3)c3cc(c4c(SCC(CC)CCCC)cc(c5c6nn(SCC(CCCCCC)CCCC)nc6c(c6cc(SCC(CC)CCCC)c(C)s6)c(F)c5F)s4)sc3c(c3sc(SCC(CC)CCCC)cc3)c2c1,Cc1sc2c(c3sc(S[R4])cc3)c3cc(c4c(S[R4])cc(c5c6nn([R7])nc6c(c6cc(S[R4])c(C)s6)c(F)c5F)s4)sc3c(c3sc(S[R4])cc3)c2c1,PBZ-TS,,,
Cc1sc2c(c3sc(SCC(CC)CCCC)cc3)c3cc(c4ccc(c5sc(c6ccc(C)s6)c6c5C(c5c(SCC(CCCCCC)CCCC)sc(SCC(CCCCCC)CCCC)c5C6=O)=O)s4)sc3c(c3sc(SCC(CC)CCCC)cc3)c2c1,Cc1sc2c(c3sc(S[R4])cc3)c3cc(c4ccc(c5sc(c6ccc(C)s6)c6c5C(c5c([R7])sc([R7])c5C6=O)=O)s4)sc3c(c3sc(S[R4])cc3)c2c1,PBT1-EH,,,
CC(CC)CCCCc1sc(c2c3cc(C)sc3c(c3sc(CC(CC)CCCC)c(Cl)c3)c3cc(c4ccc(c5c6nn(CC(CCCCCC)CCCCCCCC)nc6c(c6ccc(C)s6)c(F)c5F)s4)sc32)cc1Cl,[R4]c1sc(c2c3cc(C)sc3c(c3sc([R4])c(Cl)c3)c3cc(c4ccc(c5c6nn([R1])nc6c(c6ccc(C)s6)c(F)c5F)s4)sc32)cc1Cl,J52-Cl,,,
CC(CCCCCC)CCCCCCCCc1[se]c(c2c3cc(C)sc3c(c3[se]c(CC(CCCCCC)CCCCCCCC)cc3)c3cc(c4ccc(c5c6nn(CCCCCC)nc6c(c6ccc(C)s6)c(F)c5F)s4)sc32)cc1,[R1]c1[se]c(c2c3cc(C)sc3c(c3[se]c([R1])cc3)c3cc(c4ccc(c5c6nn([R14])nc6c(c6ccc(C)s6)c(F)c5F)s4)sc32)cc1,PBDT-Se-TAZ,,DUPE W SAME STRUCTURE,
Cc1sc2c(c3[se]c(SCC(CCCCCC)CCCCCCCC)cc3)c3cc(c4ccc(c5c6nn(CCCCCC)nc6c(c6ccc(C)s6)c(F)c5F)s4)sc3c(c3[se]c(SCC(CCCCCC)CCCCCCCC)cc3)c2c1,Cc1sc2c(c3[se]c(S[R1])cc3)c3cc(c4ccc(c5c6nn([R14])nc6c(c6ccc(C)s6)c(F)c5F)s4)sc3c(c3[se]c(S[R1])cc3)c2c1,PBDT-Se-TAZ,,DUPE W SAME STRUCTURE,
Cc1sc2c(c3sc(CC(CC)CCCC)c(F)c3)c3cc(c4ccc(c5sc(c6ccc(C)s6)c6c5C(c5c(CC(CC)CCCC)sc(CC(CC)CCCC)c5C6=O)=O)s4)sc3c(c3sc(CC(CC)CCCC)c(F)c3)c2c1,Cc1sc2c(c3sc([R4])c(F)c3)c3cc(c4ccc(c5sc(c6ccc(C)s6)c6c5C(c5c([R4])sc([R4])c5C6=O)=O)s4)sc3c(c3sc([R4])c(F)c3)c2c1,PBDB-TF,,DUPE W DIFF STRUCTURE,
Cc1sc2c(c3ccc(OCC(CC)CCCC)cc3)c3cc(c4ccc(c5c6nn(CC(CCCCCC)CCCCCCCC)nc6c(c6ccc(C)s6)c(F)c5F)s4)sc3c(c3ccc(OCC(CC)CCCC)cc3)c2c1,Cc1sc2c(c3ccc(O[R4])cc3)c3cc(c4ccc(c5c6nn([R1])nc6c(c6ccc(C)s6)c(F)c5F)s4)sc3c(c3ccc(O[R4])cc3)c2c1,PBZ1,,,
Cc1sc2c(c3ccc(OCC(CC)CCCC)c(C(F)(F)F)c3)c3cc(c4ccc(c5c6nn(CC(CCCCCC)CCCCCCCC)nc6c(c6ccc(C)s6)c(F)c5F)s4)sc3c(c3ccc(OCC(CC)CCCC)c(C(F)(F)F)c3)c2c1,Cc1sc2c(c3ccc(O[R4])c(C(F)(F)F)c3)c3cc(c4ccc(c5c6nn([R1])nc6c(c6ccc(C)s6)c(F)c5F)s4)sc3c(c3ccc(O[R4])c(C(F)(F)F)c3)c2c1,PBZ-m-CF3,,,
Cc1sc2c(c3sc(SCC(CC)CCCC)cc3)c3cc(c4ccc(c5c6c(C(N(CCCCCCCC)C6=O)=O)c(c6ccc(C)s6)c6nn(CCCCCCCC)nc56)s4)sc3c(c3sc(SCC(CC)CCCC)cc3)c2c1,Cc1sc2c(c3sc(S[R4])cc3)c3cc(c4ccc(c5c6c(C(N([R2])C6=O)=O)c(c6ccc(C)s6)c6nn([R2])nc56)s4)sc3c(c3sc(S[R4])cc3)c2c1,PTzBI,not in literature,,
Cc1ccc(c2c3nn(CC(CCCCCC)CCCCCCCC)nc3c(c3ccc(c4sc5c(c6ccc(c7ccc(SCC(CCCCCC)CCCCCCCC)cc7)cc6)c6cc(C)sc6c(c6ccc(c7ccc(SCC(CCCCCC)CCCCCCCC)cc7)cc6)c5c4)s3)c(F)c2F)s1,Cc1ccc(c2c3nn([R1])nc3c(c3ccc(c4sc5c(c6ccc(c7ccc(S[R1])cc7)cc6)c6cc(C)sc6c(c6ccc(c7ccc(S[R1])cc7)cc6)c5c4)s3)c(F)c2F)s1,PBDTTz-SBP,,,
Cc1cc(SCCCCCCCCCCCC)c(c2c(C(N(CC(CCCCCC)CCCCCCCC)C3=O)=O)c3c(c3sc(c4cc5c(c6ccc([Si](CCC)(CCC)(CCC))s6)c(sc(C)c6)c6c(c6ccc([Si](CCC)(CCC)(CCC))s6)c5s4)cc3SCCCCCCCCCCCC)s2)s1,Cc1cc([R5])c(c2c(C(N([R1])C3=O)=O)c3c(c3sc(c4cc5c(c6ccc([R3])s6)c(sc(C)c6)c6c(c6ccc([R3])s6)c5s4)cc3[R5])s2)s1,PJ1,,,
[Si](CCC)(CCC)(CCC)c1ccc(c2c(sc(C)c3)c3c(c3ccc([Si](CCC)(CCC)(CCC))s3)c3c2cc(c2sc(c4sc(c5ccc(C)s5)c5c4C(c4c(CC(CC)CCCC)sc(CC(CC)CCCC)c4C5=O)=O)cc2)s3)s1,[R3]c1ccc(c2c(sc(C)c3)c3c(c3ccc([R3])s3)c3c2cc(c2sc(c4sc(c5ccc(C)s5)c5c4C(c4c([R4])sc([R4])c4C5=O)=O)cc2)s3)s1,PJ2,,,
[Si](CCC)(CCC)(CCC)c1ccc(c2c(sc(C)c3)c3c(c3ccc([Si](CCC)(CCC)(CCC))s3)c3c2cc(c2sc(c4c5nsnc5c(c5sc(C)c(CC(CCCCCCCC)CCCCCCCCCC)c5)c(F)c4F)cc2CC(CCCCCCCC)CCCCCCCCCC)s3)s1,[R3]c1ccc(c2c(sc(C)c3)c3c(c3ccc([R3])s3)c3c2cc(c2sc(c4c5nsnc5c(c5sc(C)c([R6])c5)c(F)c4F)cc2[R6])s3)s1,PJ3,,,
Cc1sc2c(c3sc(CC(CC)CCCC)cc3)c3cc(c4c5sc(c6ccc(C(OCC(CC)CCCC)=O)s6)c(Cl)c5c(C)s4)sc3c(c3sc(CC(CC)CCCC)cc3)c2c1,Cc1sc2c(c3sc([R4])cc3)c3cc(c4c5sc(c6ccc(C(O[R4])=O)s6)c(Cl)c5c(C)s4)sc3c(c3sc([R4])cc3)c2c1,2D-PBTCl,,,
Cc1sc2c(c3sc(CC(CC)CCCC)cc3)c3cc(c4c5sc(c6c(Cl)cc(C(OCC(CC)CCCC)=O)s6)c(Cl)c5c(C)s4)sc3c(c3sc(CC(CC)CCCC)cc3)c2c1,Cc1sc2c(c3sc([R4])cc3)c3cc(c4c5sc(c6c(Cl)cc(C(O[R4])=O)s6)c(Cl)c5c(C)s4)sc3c(c3sc([R4])cc3)c2c1,2D-PBTCl2,,,
Cc1sc2c(c3sc(CC(CC)CCCC)c(Cl)c3)c3cc(c4c5sc(C(OCC(CC)CCCC)=O)c(F)c5c(C)s4)sc3c(c3sc(CC(CC)CCCC)c(Cl)c3)c2c1,Cc1sc2c(c3sc([R4])c(Cl)c3)c3cc(c4c5sc(C(O[R4])=O)c(F)c5c(C)s4)sc3c(c3sc([R4])c(Cl)c3)c2c1,PBClT,,,
Cc1sc2c(OCC(CC)CCCC)c3cc(c4ccc(c5sc(c6ccc(C)s6)c6c5C(c5c(CC(CC)CCCC)sc(CC(CC)CCCC)c5C6=O)=O)s4)sc3c(OCC(CC)CCCC)c2c1,Cc1sc2c(O[R4])c3cc(c4ccc(c5sc(c6ccc(C)s6)c6c5C(c5c([R4])sc([R4])c5C6=O)=O)s4)sc3c(O[R4])c2c1,PBDB-O,,,
Cc1sc2c(c3ccc(SCC(CC)CCCC)cc3)c3cc(c4ccc(c5c6nonc6c(c6ccc(C)s6)c(OSCCCCCCCCCCCC)c5OSCCCCCCCCCCCC)s4)sc3c(c3ccc(SCC(CC)CCCC)cc3)c2c1,Cc1sc2c(c3ccc(S[R4])cc3)c3cc(c4ccc(c5c6nonc6c(c6ccc(C)s6)c(O[R5])c5O[R5])s4)sc3c(c3ccc(S[R4])cc3)c2c1,PBO,,,
Cc1ccc(c2c3nn(CC(CCCCCC)CCCCCCCC)nc3c(c3ccc(c4sc5c(c6sc(CC(CC)CCCC)c(F)c6)c6cc(C)sc6c(c6sc(CC(CC)CCCC)c(F)c6)c5c4)s3)c(F)c2F)s1,Cc1ccc(c2c3nn([R1])nc3c(c3ccc(c4sc5c(c6sc([R4])c(F)c6)c6cc(C)sc6c(c6sc([R4])c(F)c6)c5c4)s3)c(F)c2F)s1,PFBZ,,,
SCC(CCCCCC)CCCCc1c2cc(C)sc2c(SCC(CCCCCC)CCCC)c2cc(c3ccc(c4c5nn(SCC(CCCCCC)CCCC)nc5c(c5ccc(C)s5)cc4)s3)sc21,[R7]c1c2cc(C)sc2c([R7])c2cc(c3ccc(c4c5nn([R7])nc5c(c5ccc(C)s5)cc4)s3)sc21,HTAZ,,,
Cc1oc2c(c3ccc(OCC(CC)CCCC)cc3)c3cc(c4ccc(c5sc(c6ccc(C)s6)c6c5C(c5c(CC(CC)CCCC)sc(CC(CC)CCCC)c5C6=O)=O)s4)sc3c(c3ccc(OCC(CC)CCCC)cc3)c2c1,Cc1oc2c(c3ccc(O[R4])cc3)c3cc(c4ccc(c5sc(c6ccc(C)s6)c6c5C(c5c([R4])sc([R4])c5C6=O)=O)s4)sc3c(c3ccc(O[R4])cc3)c2c1,TBF-BDD,,,
Cc1oc2c(c3ccc(OCC(CC)CCCC)cc3)c3cc(c4ccc(c5c6nsnc6c(c6ccc(C)s6)c(OCCCCCCCC)c5OCCCCCCCC)s4)sc3c(c3ccc(OCC(CC)CCCC)cc3)c2c1,Cc1oc2c(c3ccc(O[R4])cc3)c3cc(c4ccc(c5c6nsnc6c(c6ccc(C)s6)c(O[R2])c5O[R2])s4)sc3c(c3ccc(O[R4])cc3)c2c1,TBF-BT,,,
Cc1sc2c(c3cc(F)c(CCC(CC)CCCC)c(F)c3)c3cc(c4ccc(c5c6nsnc6c(c6ccc(C)s6)c(OSCCCCCCCCCCCC)c5OSCCCCCCCCCCCC)s4)sc3c(c3cc(F)c(CCC(CC)CCCC)c(F)c3)c2c1,Cc1sc2c(c3cc(F)c(C[R4])c(F)c3)c3cc(c4ccc(c5c6nsnc6c(c6ccc(C)s6)c(O[R5])c5O[R5])s4)sc3c(c3cc(F)c(C[R4])c(F)c3)c2c1,PTFBDT,,,
Cc1sc2c(c3ccc(SCC(CC)CCCC)cc3)c3cc(c4ccc(c5c6nsnc6c(c6ccc(C)s6)c(OSCCCCCCCCCCCC)c5OSCCCCCCCCCCCC)s4)sc3c(c3ccc(SCC(CC)CCCC)cc3)c2c1,Cc1sc2c(c3ccc(S[R4])cc3)c3cc(c4ccc(c5c6nsnc6c(c6ccc(C)s6)c(O[R5])c5O[R5])s4)sc3c(c3ccc(S[R4])cc3)c2c1,PBT,,,
Cc1ccc(c2c3nc(c4ccc(OCC(CC)CCCC)c(F)c4)c(c4cc(F)c(OCC(CC)CCCC)cc4)nc3c(c3ccc(c4sc5c(c6sc(CC(CC)CCCC)cc6)c6cc(C)sc6c(c6sc(CC(CC)CCCC)cc6)c5c4)s3)c(F)c2F)s1,Cc1ccc(c2c3nc(c4ccc(O[R4])c(F)c4)c(c4cc(F)c(O[R4])cc4)nc3c(c3ccc(c4sc5c(c6sc([R4])cc6)c6cc(C)sc6c(c6sc([R4])cc6)c5c4)s3)c(F)c2F)s1,PffQx-T,,,
Cc1ccc(c2c3nc(c4ccc(OCC(CC)CCCC)c(F)c4)c(c4cc(F)c(OCC(CC)CCCC)cc4)nc3c(c3ccc(c4sc5c(c6ccc(SCC(CC)CCCC)cc6)c6cc(C)sc6c(c6ccc(SCC(CC)CCCC)cc6)c5c4)s3)c(F)c2F)s1,Cc1ccc(c2c3nc(c4ccc(O[R4])c(F)c4)c(c4cc(F)c(O[R4])cc4)nc3c(c3ccc(c4sc5c(c6ccc(S[R4])cc6)c6cc(C)sc6c(c6ccc(S[R4])cc6)c5c4)s3)c(F)c2F)s1,PffQx-PS,,,
